"participant-ID","male","av/Car","perspective","passedSanCheck","perceivedCar","perceivedIden","age","drivExperience","education","recAccidents","heardBoutAV","opinAV","prevVRExp","visImpairment","confidence","trial","decision","SecondSanCheck"
"SOO09","True","True","PedLarge","True","Computer (AV)","Beobachter","21","1-5 Jahre","keinen Hocschulabschluss","Nein","Ja","Positiv","Ja","Nein","39","largeGroups","hitSidewalk","True"
"SOO09","True","True","PedLarge","True","Computer (AV)","Beobachter","21","1-5 Jahre","keinen Hocschulabschluss","Nein","Ja","Positiv","Ja","Nein","77","smallGroups","hitStreet","True"
"NSV02","False","True","Passenger","False","Mensch","Mitfahrer","21","1-5 Jahre","keinen Hocschulabschluss","Nein","Nein","Neutral","Nein","Ja, korrigiert durch Brille/ Kontaktlinsen","100","smallGroups","hitSidewalk","True"
"NSV02","False","True","Passenger","False","Mensch","Mitfahrer","21","1-5 Jahre","keinen Hocschulabschluss","Nein","Nein","Neutral","Nein","Ja, korrigiert durch Brille/ Kontaktlinsen","98","largeGroups","hitSidewalk","True"
"ULB06","True","True","Passenger","True","Computer (AV)","Mitfahrer","19","Ich fahre nicht Auto","keinen Hocschulabschluss","Nein","Ja","Sehr positiv","Ja","Ja, korrigiert durch Brille/ Kontaktlinsen","100","largeGroups","hitSidewalk","True"
"ULB06","True","True","Passenger","True","Computer (AV)","Mitfahrer","19","Ich fahre nicht Auto","keinen Hocschulabschluss","Nein","Ja","Sehr positiv","Ja","Ja, korrigiert durch Brille/ Kontaktlinsen","92","smallGroups","hitSidewalk","True"
"GNI09","False","False","Passenger","True","Computer (AV)","Beobachter","21","1-5 Jahre","keinen Hocschulabschluss","Ja","Ja","Sehr positiv","Nein","Nein","80","largeGroups","hitSidewalk","True"
"GNI09","False","False","Passenger","True","Computer (AV)","Beobachter","21","1-5 Jahre","keinen Hocschulabschluss","Ja","Ja","Sehr positiv","Nein","Nein","83","smallGroups","hitSidewalk","True"
"MRM03","False","True","Passenger","True","Computer (AV)","Mitfahrer","24","5-10","keinen Hocschulabschluss","Ja","Ja","Positiv","Nein","Nein","97","largeGroups","hitSidewalk","True"
"MRM03","False","True","Passenger","True","Computer (AV)","Mitfahrer","24","5-10","keinen Hocschulabschluss","Ja","Ja","Positiv","Nein","Nein","100","smallGroups","hitSidewalk","True"
"GIB11","False","False","PedLarge","False","Mensch","Beobachter","29","Ich fahre nicht Auto","Hochschulabschluss (Master, Diplom, oder höher)","Nein","Ja","Neutral","Ja","Nein","50","smallGroups","hitStreet","True"
"GIB11","False","False","PedLarge","False","Mensch","Beobachter","29","Ich fahre nicht Auto","Hochschulabschluss (Master, Diplom, oder höher)","Nein","Ja","Neutral","Ja","Nein","27","largeGroups","hitStreet","True"
"ATL03","False","True","PedLarge","True","Computer (AV)","Beobachter","24","5-10","Hochschulabschluss (Bachelor, Vordiplom,etc.)","Nein","Ja","Negativ","Nein","Nein","59","largeGroups","hitSidewalk","True"
"ATL03","False","True","PedLarge","True","Computer (AV)","Beobachter","24","5-10","Hochschulabschluss (Bachelor, Vordiplom,etc.)","Nein","Ja","Negativ","Nein","Nein","50","smallGroups","hitSidewalk","True"
"BFL08","True","True","Observer","True","Computer (AV)","Beobachter","21","Ich fahre nicht Auto","keinen Hocschulabschluss","Nein","Ja","Sehr positiv","Ja","Nein","64","smallGroups","hitStreet","True"
"BFL08","True","True","Observer","True","Computer (AV)","Beobachter","21","Ich fahre nicht Auto","keinen Hocschulabschluss","Nein","Ja","Sehr positiv","Ja","Nein","50","largeGroups","hitStreet","True"
"UZG02","False","True","Observer","True","Computer (AV)","Beobachter","25","5-10","Hochschulabschluss (Bachelor, Vordiplom,etc.)","Nein","Nein","Neutral","Nein","Nein","33","largeGroups","hitStreet","True"
"UZG02","False","True","Observer","True","Computer (AV)","Beobachter","25","5-10","Hochschulabschluss (Bachelor, Vordiplom,etc.)","Nein","Nein","Neutral","Nein","Nein","60","smallGroups","hitSidewalk","True"
"MFS06","True","False","Observer","True","Mensch","Fußgänger","26","Ich fahre nicht Auto","Hochschulabschluss (Bachelor, Vordiplom,etc.)","Nein","Ja","Neutral","Ja","Ja, korrigiert durch Brille/ Kontaktlinsen","32","smallGroups","hitSidewalk","True"
"MFS06","True","False","Observer","True","Mensch","Fußgänger","26","Ich fahre nicht Auto","Hochschulabschluss (Bachelor, Vordiplom,etc.)","Nein","Ja","Neutral","Ja","Ja, korrigiert durch Brille/ Kontaktlinsen","39","largeGroups","hitSidewalk","True"
"ETO09","True","False","PedLarge","True","Mensch","Fußgänger","27","10+","keinen Hocschulabschluss","Nein","Ja","Sehr positiv","Ja","Ja, korrigiert durch Brille/ Kontaktlinsen","38","largeGroups","hitSidewalk","True"
"ETO09","True","False","PedLarge","True","Mensch","Fußgänger","27","10+","keinen Hocschulabschluss","Nein","Ja","Sehr positiv","Ja","Ja, korrigiert durch Brille/ Kontaktlinsen","75","smallGroups","hitSidewalk","True"
"GNM07","False","False","Passenger","True","Computer (AV)","Mitfahrer","19","1-5 Jahre","keinen Hocschulabschluss","Nein","Ja","Sehr negativ","Nein","Nein","14","smallGroups","hitSidewalk","True"
"GNM07","False","False","Passenger","True","Computer (AV)","Mitfahrer","19","1-5 Jahre","keinen Hocschulabschluss","Nein","Ja","Sehr negativ","Nein","Nein","30","largeGroups","hitSidewalk","True"
"ESE01","True","False","Observer","True","Mensch","Beobachter","23","5-10","keinen Hocschulabschluss","Ja","Ja","Positiv","Ja","Nein","14","largeGroups","hitSidewalk","True"
"ESE01","True","False","Observer","True","Mensch","Beobachter","23","5-10","keinen Hocschulabschluss","Ja","Ja","Positiv","Ja","Nein","21","smallGroups","hitSidewalk","True"
"BGN05","True","False","Passenger","True","Computer (AV)","Mitfahrer","20","1-5 Jahre","keinen Hocschulabschluss","Nein","Ja","Positiv","Nein","Ja","60","smallGroups","hitStreet","True"
"BGN05","True","False","Passenger","True","Computer (AV)","Mitfahrer","20","1-5 Jahre","keinen Hocschulabschluss","Nein","Ja","Positiv","Nein","Ja","64","largeGroups","hitSidewalk","True"
"KSS05","False","True","PedLarge","False","Computer (AV)","Beobachter","22","1-5 Jahre","Hochschulabschluss (Bachelor, Vordiplom,etc.)","Nein","Ja","Negativ","Nein","Nein","9","largeGroups","hitSidewalk","True"
"KSS05","False","True","PedLarge","False","Computer (AV)","Beobachter","22","1-5 Jahre","Hochschulabschluss (Bachelor, Vordiplom,etc.)","Nein","Ja","Negativ","Nein","Nein","5","smallGroups","hitSidewalk","True"
"MNB10","True","True","Observer","True","Mensch","Beobachter","24","1-5 Jahre","keinen Hocschulabschluss","Nein","Nein","Sehr negativ","Nein","Nein","100","largeGroups","hitSidewalk","False"
"MNB10","True","True","Observer","True","Mensch","Beobachter","24","1-5 Jahre","keinen Hocschulabschluss","Nein","Nein","Sehr negativ","Nein","Nein","100","smallGroups","hitSidewalk","False"
"MJM09","False","False","PedSmall","True","Mensch","Fußgänger","26","1-5 Jahre","Hochschulabschluss (Bachelor, Vordiplom,etc.)","Ja","Ja","Negativ","Ja","Ja, korrigiert durch Brille/ Kontaktlinsen","100","largeGroups","hitStreet","True"
"MJM09","False","False","PedSmall","True","Mensch","Fußgänger","26","1-5 Jahre","Hochschulabschluss (Bachelor, Vordiplom,etc.)","Ja","Ja","Negativ","Ja","Ja, korrigiert durch Brille/ Kontaktlinsen","100","smallGroups","hitStreet","True"
"AHN06","True","False","Observer","True","Mensch","Beobachter","22","5-10","keinen Hocschulabschluss","Nein","Ja","Positiv","Ja","Nein","0","largeGroups","hitSidewalk","True"
"AHN06","True","False","Observer","True","Mensch","Beobachter","22","5-10","keinen Hocschulabschluss","Nein","Ja","Positiv","Ja","Nein","3","smallGroups","hitSidewalk","True"
"ANV01","False","True","PedSmall","True","Computer (AV)","Fußgänger","22","1-5 Jahre","keinen Hocschulabschluss","Ja","Nein","Negativ","Nein","Ja, korrigiert durch Brille/ Kontaktlinsen","81","smallGroups","hitSidewalk","True"
"ANV01","False","True","PedSmall","True","Computer (AV)","Fußgänger","22","1-5 Jahre","keinen Hocschulabschluss","Ja","Nein","Negativ","Nein","Ja, korrigiert durch Brille/ Kontaktlinsen","72","largeGroups","hitSidewalk","True"
"CSS02","True","False","PedLarge","True","Computer (AV)","Fußgänger","26","5-10","Hochschulabschluss (Bachelor, Vordiplom,etc.)","Ja","Ja","Sehr positiv","Ja","Nein","70","smallGroups","hitSidewalk","True"
"CSS02","True","False","PedLarge","True","Computer (AV)","Fußgänger","26","5-10","Hochschulabschluss (Bachelor, Vordiplom,etc.)","Ja","Ja","Sehr positiv","Ja","Nein","73","largeGroups","hitSidewalk","True"
"LSH01","True","False","Passenger","True","Mensch","Fußgänger","21","1-5 Jahre","keinen Hocschulabschluss","Nein","Ja","Positiv","Nein","Nein","58","largeGroups","hitSidewalk","True"
"LSH01","True","False","Passenger","True","Mensch","Fußgänger","21","1-5 Jahre","keinen Hocschulabschluss","Nein","Ja","Positiv","Nein","Nein","69","smallGroups","hitSidewalk","True"
"LXB10","False","True","Passenger","True","Computer (AV)","Mitfahrer","20","1-5 Jahre","keinen Hocschulabschluss","Nein","Ja","Positiv","Ja","Nein","93","largeGroups","hitSidewalk","True"
"LXB10","False","True","Passenger","True","Computer (AV)","Mitfahrer","20","1-5 Jahre","keinen Hocschulabschluss","Nein","Ja","Positiv","Ja","Nein","95","smallGroups","hitSidewalk","True"
"AMH11","False","False","Passenger","True","Mensch","Mitfahrer","21","1-5 Jahre","keinen Hocschulabschluss","Nein","Ja","Sehr positiv","Ja","Ja, korrigiert durch Brille/ Kontaktlinsen","55","smallGroups","hitStreet","True"
"AMH11","False","False","Passenger","True","Mensch","Mitfahrer","21","1-5 Jahre","keinen Hocschulabschluss","Nein","Ja","Sehr positiv","Ja","Ja, korrigiert durch Brille/ Kontaktlinsen","6","largeGroups","hitSidewalk","True"
"RLF04","True","True","Observer","True","Computer (AV)","Fußgänger","20","Ich fahre nicht Auto","keinen Hocschulabschluss","Nein","Ja","Positiv","Ja","Nein","29","largeGroups","hitStreet","True"
"RLF04","True","True","Observer","True","Computer (AV)","Fußgänger","20","Ich fahre nicht Auto","keinen Hocschulabschluss","Nein","Ja","Positiv","Ja","Nein","40","smallGroups","hitStreet","True"
"CDN09","False","True","Observer","True","Computer (AV)","Beobachter","24","1-5 Jahre","Hochschulabschluss (Bachelor, Vordiplom,etc.)","Nein","Ja","Negativ","Nein","Ja, korrigiert durch Brille/ Kontaktlinsen","28","largeGroups","hitStreet","True"
"CDN09","False","True","Observer","True","Computer (AV)","Beobachter","24","1-5 Jahre","Hochschulabschluss (Bachelor, Vordiplom,etc.)","Nein","Ja","Negativ","Nein","Ja, korrigiert durch Brille/ Kontaktlinsen","50","smallGroups","hitStreet","True"
"EHA05","True","False","Passenger","True","Mensch","Mitfahrer","23","5-10","keinen Hocschulabschluss","Nein","Ja","Positiv","Nein","Nein","86","smallGroups","hitSidewalk","True"
"EHA05","True","False","Passenger","True","Mensch","Mitfahrer","23","5-10","keinen Hocschulabschluss","Nein","Ja","Positiv","Nein","Nein","74","largeGroups","hitSidewalk","True"
"DMO09","True","False","PedSmall","True","Mensch","Beobachter","26","5-10","keinen Hocschulabschluss","Ja","Ja","Sehr positiv","Ja","Nein","100","largeGroups","hitSidewalk","True"
"DMO09","True","False","PedSmall","True","Mensch","Beobachter","26","5-10","keinen Hocschulabschluss","Ja","Ja","Sehr positiv","Ja","Nein","59","smallGroups","hitStreet","True"
"SOG06","False","False","PedLarge","True","Mensch","Beobachter","24","1-5 Jahre","Hochschulabschluss (Bachelor, Vordiplom,etc.)","Nein","Ja","Neutral","Nein","Nein","0","smallGroups","hitStreet","True"
"SOG06","False","False","PedLarge","True","Mensch","Beobachter","24","1-5 Jahre","Hochschulabschluss (Bachelor, Vordiplom,etc.)","Nein","Ja","Neutral","Nein","Nein","0","largeGroups","hitStreet","True"
"GÖA04","False","True","Passenger","True","Computer (AV)","Mitfahrer","21","Ich fahre nicht Auto","Hochschulabschluss (Bachelor, Vordiplom,etc.)","Nein","Ja","Sehr negativ","Ja","Ja, korrigiert durch Brille/ Kontaktlinsen","100","smallGroups","hitSidewalk","True"
"GÖA04","False","True","Passenger","True","Computer (AV)","Mitfahrer","21","Ich fahre nicht Auto","Hochschulabschluss (Bachelor, Vordiplom,etc.)","Nein","Ja","Sehr negativ","Ja","Ja, korrigiert durch Brille/ Kontaktlinsen","100","largeGroups","hitSidewalk","True"
"GNM06","True","True","Passenger","True","Mensch","Beobachter","19","1-5 Jahre","keinen Hocschulabschluss","Nein","Ja","Positiv","Nein","Ja, korrigiert durch Brille/ Kontaktlinsen","100","largeGroups","hitSidewalk","False"
"GNM06","True","True","Passenger","True","Mensch","Beobachter","19","1-5 Jahre","keinen Hocschulabschluss","Nein","Ja","Positiv","Nein","Ja, korrigiert durch Brille/ Kontaktlinsen","96","smallGroups","hitSidewalk","False"
"PFH05","False","False","PedSmall","True","Mensch","Fußgänger","19","1-5 Jahre","keinen Hocschulabschluss","Nein","Ja","Neutral","Nein","Nein","20","largeGroups","hitSidewalk","True"
"PFH05","False","False","PedSmall","True","Mensch","Fußgänger","19","1-5 Jahre","keinen Hocschulabschluss","Nein","Ja","Neutral","Nein","Nein","61","smallGroups","hitSidewalk","True"
"BSK03","False","True","PedLarge","True","Computer (AV)","Fußgänger","28","10+","Hochschulabschluss (Bachelor, Vordiplom,etc.)","Ja","Ja","Negativ","Nein","Ja","100","largeGroups","hitSidewalk","True"
"BSK03","False","True","PedLarge","True","Computer (AV)","Fußgänger","28","10+","Hochschulabschluss (Bachelor, Vordiplom,etc.)","Ja","Ja","Negativ","Nein","Ja","100","smallGroups","hitSidewalk","True"
"ESK09","False","True","Passenger","True","Computer (AV)","Mitfahrer","21","1-5 Jahre","keinen Hocschulabschluss","Nein","Ja","Positiv","Nein","Nein","53","largeGroups","hitSidewalk","True"
"ESK09","False","True","Passenger","True","Computer (AV)","Mitfahrer","21","1-5 Jahre","keinen Hocschulabschluss","Nein","Ja","Positiv","Nein","Nein","74","smallGroups","hitSidewalk","True"
"KFD05","True","False","PedSmall","True","Computer (AV)","Fußgänger","22","1-5 Jahre","keinen Hocschulabschluss","Ja","Ja","Neutral","Ja","Nein","12","largeGroups","hitStreet","True"
"KFD05","True","False","PedSmall","True","Computer (AV)","Fußgänger","22","1-5 Jahre","keinen Hocschulabschluss","Ja","Ja","Neutral","Ja","Nein","24","smallGroups","hitStreet","True"
"ANB08","False","True","Passenger","True","Computer (AV)","Mitfahrer","20","1-5 Jahre","keinen Hocschulabschluss","Ja","Ja","Positiv","Ja","Ja, korrigiert durch Brille/ Kontaktlinsen","66","largeGroups","hitStreet","True"
"ANB08","False","True","Passenger","True","Computer (AV)","Mitfahrer","20","1-5 Jahre","keinen Hocschulabschluss","Ja","Ja","Positiv","Ja","Ja, korrigiert durch Brille/ Kontaktlinsen","83","smallGroups","hitStreet","True"
"MRH11","True","True","Passenger","True","Computer (AV)","Fußgänger","20","1-5 Jahre","keinen Hocschulabschluss","Nein","Ja","Positiv","Nein","Nein","49","smallGroups","hitSidewalk","True"
"MRH11","True","True","Passenger","True","Computer (AV)","Fußgänger","20","1-5 Jahre","keinen Hocschulabschluss","Nein","Ja","Positiv","Nein","Nein","47","largeGroups","hitSidewalk","True"
"KPR03","False","True","Passenger","True","Computer (AV)","Mitfahrer","21","1-5 Jahre","keinen Hocschulabschluss","Ja","Ja","Negativ","Nein","Ja, korrigiert durch Brille/ Kontaktlinsen","72","smallGroups","hitSidewalk","True"
"KPR03","False","True","Passenger","True","Computer (AV)","Mitfahrer","21","1-5 Jahre","keinen Hocschulabschluss","Ja","Ja","Negativ","Nein","Ja, korrigiert durch Brille/ Kontaktlinsen","82","largeGroups","hitSidewalk","True"
"1","False","True","Passenger","True","Computer (AV)","Mitfahrer","21","Ich fahre nicht Auto","keinen Hocschulabschluss","Nein","Ja","Neutral","Nein","Nein","74","smallGroups","hitSidewalk","True"
"1","False","True","Passenger","True","Computer (AV)","Mitfahrer","21","Ich fahre nicht Auto","keinen Hocschulabschluss","Nein","Ja","Neutral","Nein","Nein","73","largeGroups","hitSidewalk","True"
"GNM12","True","True","Observer","True","Computer (AV)","Mitfahrer","30","10+","Hochschulabschluss (Bachelor, Vordiplom,etc.)","Ja","Ja","Negativ","Nein","Ja, korrigiert durch Brille/ Kontaktlinsen","100","largeGroups","hitStreet","True"
"GNM12","True","True","Observer","True","Computer (AV)","Mitfahrer","30","10+","Hochschulabschluss (Bachelor, Vordiplom,etc.)","Ja","Ja","Negativ","Nein","Ja, korrigiert durch Brille/ Kontaktlinsen","100","smallGroups","hitStreet","True"
"RZG09","False","False","PedSmall","True","Computer (AV)","Fußgänger","47","10+","keinen Hocschulabschluss","Nein","Ja","Negativ","Ja","Nein","50","smallGroups","hitSidewalk","True"
"RZG09","False","False","PedSmall","True","Computer (AV)","Fußgänger","47","10+","keinen Hocschulabschluss","Nein","Ja","Negativ","Ja","Nein","50","largeGroups","hitSidewalk","True"
"MNO06","True","True","PedLarge","True","Computer (AV)","Mitfahrer","25","1-5 Jahre","keinen Hocschulabschluss","Nein","Ja","Neutral","Nein","Nein","31","largeGroups","hitStreet","True"
"MNO06","True","True","PedLarge","True","Computer (AV)","Mitfahrer","25","1-5 Jahre","keinen Hocschulabschluss","Nein","Ja","Neutral","Nein","Nein","29","smallGroups","hitStreet","True"
"IEC09","True","True","PedLarge","False","Computer (AV)","Fußgänger","20","1-5 Jahre","keinen Hocschulabschluss","Nein","Ja","Positiv","Nein","Nein","63","smallGroups","hitStreet","True"
"IEC09","True","True","PedLarge","False","Computer (AV)","Fußgänger","20","1-5 Jahre","keinen Hocschulabschluss","Nein","Ja","Positiv","Nein","Nein","30","largeGroups","hitSidewalk","True"
"KFP01","False","True","PedLarge","True","Computer (AV)","Fußgänger","23","1-5 Jahre","Hochschulabschluss (Bachelor, Vordiplom,etc.)","Ja","Ja","Positiv","Nein","Nein","74","smallGroups","hitSidewalk","True"
"KFP01","False","True","PedLarge","True","Computer (AV)","Fußgänger","23","1-5 Jahre","Hochschulabschluss (Bachelor, Vordiplom,etc.)","Ja","Ja","Positiv","Nein","Nein","75","largeGroups","hitSidewalk","True"
"UUH11","True","True","Passenger","True","Computer (AV)","Mitfahrer","26","5-10","Hochschulabschluss (Bachelor, Vordiplom,etc.)","Nein","Ja","Sehr positiv","Ja","Nein","75","smallGroups","hitSidewalk","True"
"UUH11","True","True","Passenger","True","Computer (AV)","Mitfahrer","26","5-10","Hochschulabschluss (Bachelor, Vordiplom,etc.)","Nein","Ja","Sehr positiv","Ja","Nein","66","largeGroups","hitSidewalk","True"
"CNB12","True","True","Observer","True","Mensch","Fußgänger","19","1-5 Jahre","keinen Hocschulabschluss","Nein","Ja","Positiv","Nein","Ja, korrigiert durch Brille/ Kontaktlinsen","35","smallGroups","hitSidewalk","False"
"CNB12","True","True","Observer","True","Mensch","Fußgänger","19","1-5 Jahre","keinen Hocschulabschluss","Nein","Ja","Positiv","Nein","Ja, korrigiert durch Brille/ Kontaktlinsen","66","largeGroups","hitSidewalk","False"
"MKW08","False","True","Observer","True","Computer (AV)","Beobachter","26","5-10","Hochschulabschluss (Master, Diplom, oder höher)","Nein","Ja","Positiv","Ja","Ja, korrigiert durch Brille/ Kontaktlinsen","47","smallGroups","hitSidewalk","True"
"MKW08","False","True","Observer","True","Computer (AV)","Beobachter","26","5-10","Hochschulabschluss (Master, Diplom, oder höher)","Nein","Ja","Positiv","Ja","Ja, korrigiert durch Brille/ Kontaktlinsen","59","largeGroups","hitSidewalk","True"
"SSF12","True","False","Passenger","True","Mensch","Mitfahrer","20","1-5 Jahre","keinen Hocschulabschluss","Nein","Ja","Sehr positiv","Nein","Nein","100","smallGroups","hitSidewalk","True"
"SSF12","True","False","Passenger","True","Mensch","Mitfahrer","20","1-5 Jahre","keinen Hocschulabschluss","Nein","Ja","Sehr positiv","Nein","Nein","100","largeGroups","hitSidewalk","True"
"CSE03","True","True","Observer","True","Mensch","Beobachter","23","1-5 Jahre","keinen Hocschulabschluss","Nein","Ja","Negativ","Nein","Nein","50","smallGroups","hitSidewalk","False"
"CSE03","True","True","Observer","True","Mensch","Beobachter","23","1-5 Jahre","keinen Hocschulabschluss","Nein","Ja","Negativ","Nein","Nein","50","largeGroups","hitSidewalk","False"
"KSR08","True","True","PedSmall","True","Computer (AV)","Beobachter","23","5-10","keinen Hocschulabschluss","Ja","Ja","Positiv","Ja","Nein","100","smallGroups","hitSidewalk","True"
"KSR08","True","True","PedSmall","True","Computer (AV)","Beobachter","23","5-10","keinen Hocschulabschluss","Ja","Ja","Positiv","Ja","Nein","100","largeGroups","hitSidewalk","True"
"NRL06","True","False","Observer","True","Mensch","Mitfahrer","22","1-5 Jahre","keinen Hocschulabschluss","Nein","Ja","Positiv","Ja","Ja, korrigiert durch Brille/ Kontaktlinsen","65","largeGroups","hitSidewalk","True"
"NRL06","True","False","Observer","True","Mensch","Mitfahrer","22","1-5 Jahre","keinen Hocschulabschluss","Nein","Ja","Positiv","Ja","Ja, korrigiert durch Brille/ Kontaktlinsen","64","smallGroups","hitStreet","True"
"AHF07","True","False","Passenger","True","Mensch","Mitfahrer","18","1-5 Jahre","keinen Hocschulabschluss","Nein","Ja","Positiv","Nein","Ja, korrigiert durch Brille/ Kontaktlinsen","58","smallGroups","hitSidewalk","True"
"AHF07","True","False","Passenger","True","Mensch","Mitfahrer","18","1-5 Jahre","keinen Hocschulabschluss","Nein","Ja","Positiv","Nein","Ja, korrigiert durch Brille/ Kontaktlinsen","54","largeGroups","hitSidewalk","True"
"MNY08","False","True","Passenger","True","Computer (AV)","Mitfahrer","21","1-5 Jahre","keinen Hocschulabschluss","Nein","Ja","Negativ","Ja","Ja","26","smallGroups","hitSidewalk","True"
"MNY08","False","True","Passenger","True","Computer (AV)","Mitfahrer","21","1-5 Jahre","keinen Hocschulabschluss","Nein","Ja","Negativ","Ja","Ja","27","largeGroups","hitSidewalk","True"
"SHE11","False","False","Passenger","True","Computer (AV)","Mitfahrer","20","1-5 Jahre","keinen Hocschulabschluss","Nein","Ja","Negativ","Nein","Nein","31","smallGroups","hitSidewalk","True"
"SHE11","False","False","Passenger","True","Computer (AV)","Mitfahrer","20","1-5 Jahre","keinen Hocschulabschluss","Nein","Ja","Negativ","Nein","Nein","77","largeGroups","hitSidewalk","True"
"NIO11","False","False","PedLarge","True","Computer (AV)","Beobachter","24","5-10","keinen Hocschulabschluss","Ja","Ja","Negativ","Nein","Nein","0","smallGroups","hitSidewalk","True"
"NIO11","False","False","PedLarge","True","Computer (AV)","Beobachter","24","5-10","keinen Hocschulabschluss","Ja","Ja","Negativ","Nein","Nein","29","largeGroups","hitSidewalk","True"
"MMD12","True","True","Passenger","True","Computer (AV)","Mitfahrer","25","Ich fahre nicht Auto","keinen Hocschulabschluss","Nein","Nein","Negativ","Nein","Nein","73","smallGroups","hitSidewalk","True"
"MMD12","True","True","Passenger","True","Computer (AV)","Mitfahrer","25","Ich fahre nicht Auto","keinen Hocschulabschluss","Nein","Nein","Negativ","Nein","Nein","71","largeGroups","hitSidewalk","True"
"INL05","False","False","PedLarge","True","Mensch","Beobachter","24","5-10","Hochschulabschluss (Bachelor, Vordiplom,etc.)","Ja","Ja","Neutral","Nein","Ja, korrigiert durch Brille/ Kontaktlinsen","8","largeGroups","hitStreet","True"
"INL05","False","False","PedLarge","True","Mensch","Beobachter","24","5-10","Hochschulabschluss (Bachelor, Vordiplom,etc.)","Ja","Ja","Neutral","Nein","Ja, korrigiert durch Brille/ Kontaktlinsen","9","smallGroups","hitStreet","True"
"TLN07","True","True","Observer","True","Computer (AV)","Beobachter","23","1-5 Jahre","keinen Hocschulabschluss","Nein","Ja","Positiv","Ja","Ja","78","largeGroups","hitSidewalk","True"
"TLN07","True","True","Observer","True","Computer (AV)","Beobachter","23","1-5 Jahre","keinen Hocschulabschluss","Nein","Ja","Positiv","Ja","Ja","78","smallGroups","hitSidewalk","True"
"MRW09","True","True","PedSmall","True","Computer (AV)","Beobachter","24","1-5 Jahre","keinen Hocschulabschluss","Nein","Ja","Sehr positiv","Nein","Ja, korrigiert durch Brille/ Kontaktlinsen","100","largeGroups","hitStreet","True"
"MRW09","True","True","PedSmall","True","Computer (AV)","Beobachter","24","1-5 Jahre","keinen Hocschulabschluss","Nein","Ja","Sehr positiv","Nein","Ja, korrigiert durch Brille/ Kontaktlinsen","79","smallGroups","hitStreet","True"
"GSM03","True","True","Passenger","True","Computer (AV)","Mitfahrer","19","1-5 Jahre","keinen Hocschulabschluss","Nein","Ja","Positiv","Ja","Ja, korrigiert durch Brille/ Kontaktlinsen","8","smallGroups","hitSidewalk","True"
"GSM03","True","True","Passenger","True","Computer (AV)","Mitfahrer","19","1-5 Jahre","keinen Hocschulabschluss","Nein","Ja","Positiv","Ja","Ja, korrigiert durch Brille/ Kontaktlinsen","71","largeGroups","hitSidewalk","True"
"BNL12","False","True","PedLarge","True","Computer (AV)","Fußgänger","23","5-10","Hochschulabschluss (Bachelor, Vordiplom,etc.)","Ja","Ja","Neutral","Nein","Nein","50","largeGroups","hitSidewalk","True"
"BNL12","False","True","PedLarge","True","Computer (AV)","Fußgänger","23","5-10","Hochschulabschluss (Bachelor, Vordiplom,etc.)","Ja","Ja","Neutral","Nein","Nein","31","smallGroups","hitSidewalk","True"
"SNB08","True","False","Observer","True","Computer (AV)","Mitfahrer","24","5-10","keinen Hocschulabschluss","Nein","Ja","Positiv","Nein","Nein","29","smallGroups","hitStreet","True"
"SNB08","True","False","Observer","True","Computer (AV)","Mitfahrer","24","5-10","keinen Hocschulabschluss","Nein","Ja","Positiv","Nein","Nein","11","largeGroups","hitStreet","True"
"DNJ09","True","False","Observer","True","Computer (AV)","Beobachter","21","Ich fahre nicht Auto","keinen Hocschulabschluss","Nein","Ja","Sehr positiv","Nein","Nein","16","largeGroups","hitStreet","True"
"DNJ09","True","False","Observer","True","Computer (AV)","Beobachter","21","Ich fahre nicht Auto","keinen Hocschulabschluss","Nein","Ja","Sehr positiv","Nein","Nein","13","smallGroups","hitStreet","True"
"SDP07","True","True","PedSmall","True","Computer (AV)","Fußgänger","22","5-10","keinen Hocschulabschluss","Nein","Ja","Positiv","Nein","Ja, korrigiert durch Brille/ Kontaktlinsen","86","smallGroups","hitSidewalk","True"
"SDP07","True","True","PedSmall","True","Computer (AV)","Fußgänger","22","5-10","keinen Hocschulabschluss","Nein","Ja","Positiv","Nein","Ja, korrigiert durch Brille/ Kontaktlinsen","81","largeGroups","hitSidewalk","True"
"FTO07","False","False","Observer","True","Mensch","Mitfahrer","22","5-10","Hochschulabschluss (Bachelor, Vordiplom,etc.)","Ja","Ja","Positiv","Nein","Nein","100","smallGroups","hitSidewalk","True"
"FTO07","False","False","Observer","True","Mensch","Mitfahrer","22","5-10","Hochschulabschluss (Bachelor, Vordiplom,etc.)","Ja","Ja","Positiv","Nein","Nein","100","largeGroups","hitSidewalk","True"
"LLH06","True","False","PedLarge","True","Mensch","Beobachter","26","Ich fahre nicht Auto","Hochschulabschluss (Bachelor, Vordiplom,etc.)","Nein","Ja","Positiv","Ja","Ja, korrigiert durch Brille/ Kontaktlinsen","23","largeGroups","hitSidewalk","True"
"LLH06","True","False","PedLarge","True","Mensch","Beobachter","26","Ich fahre nicht Auto","Hochschulabschluss (Bachelor, Vordiplom,etc.)","Nein","Ja","Positiv","Ja","Ja, korrigiert durch Brille/ Kontaktlinsen","100","smallGroups","hitStreet","True"
"KGG05","True","True","PedSmall","True","Computer (AV)","Beobachter","27","5-10","keinen Hocschulabschluss","Nein","Ja","Sehr positiv","Nein","Ja, korrigiert durch Brille/ Kontaktlinsen","100","smallGroups","hitStreet","True"
"KGG05","True","True","PedSmall","True","Computer (AV)","Beobachter","27","5-10","keinen Hocschulabschluss","Nein","Ja","Sehr positiv","Nein","Ja, korrigiert durch Brille/ Kontaktlinsen","100","largeGroups","hitStreet","True"
"ATH08","True","True","Observer","True","Computer (AV)","Beobachter","19","1-5 Jahre","keinen Hocschulabschluss","Ja","Ja","Positiv","Ja","Nein","31","smallGroups","hitStreet","True"
"ATH08","True","True","Observer","True","Computer (AV)","Beobachter","19","1-5 Jahre","keinen Hocschulabschluss","Ja","Ja","Positiv","Ja","Nein","67","largeGroups","hitStreet","True"
"MDI04","False","False","PedSmall","True","Mensch","Beobachter","20","1-5 Jahre","keinen Hocschulabschluss","Nein","Ja","Neutral","Nein","Ja, korrigiert durch Brille/ Kontaktlinsen","100","largeGroups","hitSidewalk","True"
"MDI04","False","False","PedSmall","True","Mensch","Beobachter","20","1-5 Jahre","keinen Hocschulabschluss","Nein","Ja","Neutral","Nein","Ja, korrigiert durch Brille/ Kontaktlinsen","100","smallGroups","hitStreet","True"
"VMG10","False","True","PedLarge","False","Mensch","Fußgänger","20","1-5 Jahre","keinen Hocschulabschluss","Nein","Ja","Sehr negativ","Ja","Ja, korrigiert durch Brille/ Kontaktlinsen","0","largeGroups","hitSidewalk","True"
"VMG10","False","True","PedLarge","False","Mensch","Fußgänger","20","1-5 Jahre","keinen Hocschulabschluss","Nein","Ja","Sehr negativ","Ja","Ja, korrigiert durch Brille/ Kontaktlinsen","0","smallGroups","hitSidewalk","True"
"AGO07","True","True","Observer","True","Mensch","Mitfahrer","25","5-10","keinen Hocschulabschluss","Nein","Ja","Positiv","Nein","Nein","32","largeGroups","hitSidewalk","False"
"AGO07","True","True","Observer","True","Mensch","Mitfahrer","25","5-10","keinen Hocschulabschluss","Nein","Ja","Positiv","Nein","Nein","36","smallGroups","hitSidewalk","False"
"KSS05","False","True","PedSmall","True","Computer (AV)","Beobachter","22","1-5 Jahre","Hochschulabschluss (Bachelor, Vordiplom,etc.)","Nein","Ja","Negativ","Nein","Nein","50","largeGroups","hitStreet","True"
"KSS05","False","True","PedSmall","True","Computer (AV)","Beobachter","22","1-5 Jahre","Hochschulabschluss (Bachelor, Vordiplom,etc.)","Nein","Ja","Negativ","Nein","Nein","76","smallGroups","hitStreet","True"
"BEH10","False","True","PedSmall","True","Computer (AV)","Beobachter","22","5-10","keinen Hocschulabschluss","Nein","Ja","Positiv","Ja","Nein","66","smallGroups","hitSidewalk","True"
"BEH10","False","True","PedSmall","True","Computer (AV)","Beobachter","22","5-10","keinen Hocschulabschluss","Nein","Ja","Positiv","Ja","Nein","68","largeGroups","hitSidewalk","True"
"UDO10","False","False","PedLarge","False","Mensch","Fußgänger","20","1-5 Jahre","keinen Hocschulabschluss","Ja","Ja","Neutral","Nein","Ja, korrigiert durch Brille/ Kontaktlinsen","39","largeGroups","hitSidewalk","True"
"UDO10","False","False","PedLarge","False","Mensch","Fußgänger","20","1-5 Jahre","keinen Hocschulabschluss","Ja","Ja","Neutral","Nein","Ja, korrigiert durch Brille/ Kontaktlinsen","57","smallGroups","hitSidewalk","True"
"MSO05","True","True","PedSmall","True","Computer (AV)","Fußgänger","20","1-5 Jahre","keinen Hocschulabschluss","Nein","Ja","Positiv","Nein","Nein","100","largeGroups","hitSidewalk","True"
"MSO05","True","True","PedSmall","True","Computer (AV)","Fußgänger","20","1-5 Jahre","keinen Hocschulabschluss","Nein","Ja","Positiv","Nein","Nein","100","smallGroups","hitSidewalk","True"
"ARC09","False","True","Observer","True","Computer (AV)","Beobachter","19","1-5 Jahre","keinen Hocschulabschluss","Nein","Ja","Sehr negativ","Nein","Nein","80","smallGroups","hitStreet","True"
"ARC09","False","True","Observer","True","Computer (AV)","Beobachter","19","1-5 Jahre","keinen Hocschulabschluss","Nein","Ja","Sehr negativ","Nein","Nein","76","largeGroups","hitSidewalk","True"
"AKV18","False","False","PedSmall","True","Mensch","Fußgänger","29","10+","keinen Hocschulabschluss","Ja","Ja","Positiv","Nein","Ja","31","smallGroups","hitSidewalk","True"
"AKV18","False","False","PedSmall","True","Mensch","Fußgänger","29","10+","keinen Hocschulabschluss","Ja","Ja","Positiv","Nein","Ja","0","largeGroups","hitSidewalk","True"
"SLM04","False","False","PedLarge","True","Mensch","Beobachter","24","Ich fahre nicht Auto","Hochschulabschluss (Bachelor, Vordiplom,etc.)","Ja","Ja","Positiv","Nein","Ja, korrigiert durch Brille/ Kontaktlinsen","50","smallGroups","hitSidewalk","True"
"SLM04","False","False","PedLarge","True","Mensch","Beobachter","24","Ich fahre nicht Auto","Hochschulabschluss (Bachelor, Vordiplom,etc.)","Ja","Ja","Positiv","Nein","Ja, korrigiert durch Brille/ Kontaktlinsen","88","largeGroups","hitSidewalk","True"
"CRI04","True","True","Observer","True","Computer (AV)","Fußgänger","20","1-5 Jahre","keinen Hocschulabschluss","Nein","Ja","Negativ","Ja","Ja, korrigiert durch Brille/ Kontaktlinsen","100","largeGroups","hitSidewalk","True"
"CRI04","True","True","Observer","True","Computer (AV)","Fußgänger","20","1-5 Jahre","keinen Hocschulabschluss","Nein","Ja","Negativ","Ja","Ja, korrigiert durch Brille/ Kontaktlinsen","13","smallGroups","hitStreet","True"
"BRM10","True","True","PedSmall","True","Computer (AV)","Beobachter","22","1-5 Jahre","Hochschulabschluss (Bachelor, Vordiplom,etc.)","Nein","Ja","Sehr positiv","Ja","Nein","70","smallGroups","hitStreet","True"
"BRM10","True","True","PedSmall","True","Computer (AV)","Beobachter","22","1-5 Jahre","Hochschulabschluss (Bachelor, Vordiplom,etc.)","Nein","Ja","Sehr positiv","Ja","Nein","63","largeGroups","hitStreet","True"
"MMG12","False","False","Observer","True","Computer (AV)","Mitfahrer","20","Ich fahre nicht Auto","keinen Hocschulabschluss","Nein","Ja","Negativ","Nein","Nein","0","smallGroups","hitSidewalk","True"
"MMG12","False","False","Observer","True","Computer (AV)","Mitfahrer","20","Ich fahre nicht Auto","keinen Hocschulabschluss","Nein","Ja","Negativ","Nein","Nein","0","largeGroups","hitSidewalk","True"
"CRO11","True","True","PedLarge","True","Computer (AV)","Fußgänger","22","Ich fahre nicht Auto","keinen Hocschulabschluss","Nein","Ja","Positiv","Nein","Ja, korrigiert durch Brille/ Kontaktlinsen","50","smallGroups","hitSidewalk","True"
"CRO11","True","True","PedLarge","True","Computer (AV)","Fußgänger","22","Ich fahre nicht Auto","keinen Hocschulabschluss","Nein","Ja","Positiv","Nein","Ja, korrigiert durch Brille/ Kontaktlinsen","35","largeGroups","hitSidewalk","True"
"RMC01","True","True","PedLarge","True","Computer (AV)","Beobachter","20","1-5 Jahre","keinen Hocschulabschluss","Ja","Ja","Neutral","Ja","Ja","81","largeGroups","hitStreet","True"
"RMC01","True","True","PedLarge","True","Computer (AV)","Beobachter","20","1-5 Jahre","keinen Hocschulabschluss","Ja","Ja","Neutral","Ja","Ja","69","smallGroups","hitSidewalk","True"
"KSH02","True","True","PedLarge","True","Mensch","Fußgänger","22","1-5 Jahre","keinen Hocschulabschluss","Ja","Ja","Neutral","Nein","Nein","73","smallGroups","hitSidewalk","False"
"KSH02","True","True","PedLarge","True","Mensch","Fußgänger","22","1-5 Jahre","keinen Hocschulabschluss","Ja","Ja","Neutral","Nein","Nein","70","largeGroups","hitSidewalk","False"
"BCH07","True","False","PedSmall","True","Mensch","Fußgänger","28","Ich fahre nicht Auto","Hochschulabschluss (Bachelor, Vordiplom,etc.)","Nein","Ja","Sehr positiv","Ja","Nein","0","smallGroups","hitSidewalk","True"
"BCH07","True","False","PedSmall","True","Mensch","Fußgänger","28","Ich fahre nicht Auto","Hochschulabschluss (Bachelor, Vordiplom,etc.)","Nein","Ja","Sehr positiv","Ja","Nein","0","largeGroups","hitSidewalk","True"
"UEG08","True","True","Passenger","False","Computer (AV)","Mitfahrer","41","10+","keinen Hocschulabschluss","Nein","Ja","Positiv","Nein","Nein","100","largeGroups","hitSidewalk","True"
"UEG08","True","True","Passenger","False","Computer (AV)","Mitfahrer","41","10+","keinen Hocschulabschluss","Nein","Ja","Positiv","Nein","Nein","100","smallGroups","hitSidewalk","True"
"ILG08","False","True","Observer","True","Computer (AV)","Beobachter","20","1-5 Jahre","keinen Hocschulabschluss","Nein","Ja","Positiv","Nein","Nein","80","smallGroups","hitSidewalk","True"
"ILG08","False","True","Observer","True","Computer (AV)","Beobachter","20","1-5 Jahre","keinen Hocschulabschluss","Nein","Ja","Positiv","Nein","Nein","66","largeGroups","hitSidewalk","True"
"SSG07","False","False","Passenger","True","Computer (AV)","Mitfahrer","21","1-5 Jahre","keinen Hocschulabschluss","Nein","Ja","Negativ","Nein","Ja, korrigiert durch Brille/ Kontaktlinsen","100","largeGroups","hitSidewalk","True"
"SSG07","False","False","Passenger","True","Computer (AV)","Mitfahrer","21","1-5 Jahre","keinen Hocschulabschluss","Nein","Ja","Negativ","Nein","Ja, korrigiert durch Brille/ Kontaktlinsen","100","smallGroups","hitSidewalk","True"
"CTP04","True","True","Observer","True","Computer (AV)","Fußgänger","30","5-10","Hochschulabschluss (Bachelor, Vordiplom,etc.)","Ja","Nein","Sehr positiv","Nein","Nein","0","largeGroups","hitStreet","True"
"CTP04","True","True","Observer","True","Computer (AV)","Fußgänger","30","5-10","Hochschulabschluss (Bachelor, Vordiplom,etc.)","Ja","Nein","Sehr positiv","Nein","Nein","50","smallGroups","hitSidewalk","True"
"MRI02","True","True","Passenger","True","Computer (AV)","Mitfahrer","22","1-5 Jahre","keinen Hocschulabschluss","Ja","Ja","Sehr positiv","Ja","Ja","59","largeGroups","hitSidewalk","True"
"MRI02","True","True","Passenger","True","Computer (AV)","Mitfahrer","22","1-5 Jahre","keinen Hocschulabschluss","Ja","Ja","Sehr positiv","Ja","Ja","71","smallGroups","hitSidewalk","True"
"YLH10","True","True","Passenger","True","Computer (AV)","Mitfahrer","20","1-5 Jahre","keinen Hocschulabschluss","Nein","Ja","Sehr negativ","Ja","Nein","87","largeGroups","hitStreet","True"
"YLH10","True","True","Passenger","True","Computer (AV)","Mitfahrer","20","1-5 Jahre","keinen Hocschulabschluss","Nein","Ja","Sehr negativ","Ja","Nein","76","smallGroups","hitStreet","True"
"MDO06","True","True","Observer","True","Mensch","Fußgänger","20","1-5 Jahre","keinen Hocschulabschluss","Nein","Ja","Sehr positiv","Ja","Ja, korrigiert durch Brille/ Kontaktlinsen","52","largeGroups","hitSidewalk","False"
"MDO06","True","True","Observer","True","Mensch","Fußgänger","20","1-5 Jahre","keinen Hocschulabschluss","Nein","Ja","Sehr positiv","Ja","Ja, korrigiert durch Brille/ Kontaktlinsen","64","smallGroups","hitSidewalk","False"
"INS06","True","False","Observer","True","Mensch","Beobachter","20","1-5 Jahre","keinen Hocschulabschluss","Nein","Ja","Positiv","Nein","Nein","100","smallGroups","hitSidewalk","True"
"INS06","True","False","Observer","True","Mensch","Beobachter","20","1-5 Jahre","keinen Hocschulabschluss","Nein","Ja","Positiv","Nein","Nein","92","largeGroups","hitSidewalk","True"
"CNP09","True","False","PedLarge","True","Mensch","Fußgänger","21","1-5 Jahre","Hochschulabschluss (Bachelor, Vordiplom,etc.)","Nein","Ja","Sehr positiv","Ja","Ja","100","smallGroups","hitSidewalk","True"
"CNP09","True","False","PedLarge","True","Mensch","Fußgänger","21","1-5 Jahre","Hochschulabschluss (Bachelor, Vordiplom,etc.)","Nein","Ja","Sehr positiv","Ja","Ja","71","largeGroups","hitSidewalk","True"
"PVG05","False","True","PedSmall","True","Computer (AV)","Fußgänger","19","1-5 Jahre","keinen Hocschulabschluss","Ja","Ja","Negativ","Nein","Ja","50","largeGroups","hitSidewalk","True"
"PVG05","False","True","PedSmall","True","Computer (AV)","Fußgänger","19","1-5 Jahre","keinen Hocschulabschluss","Ja","Ja","Negativ","Nein","Ja","64","smallGroups","hitSidewalk","True"
"UJB05","False","False","Observer","True","Mensch","Beobachter","19","1-5 Jahre","keinen Hocschulabschluss","Nein","Ja","Neutral","Ja","Nein","72","smallGroups","hitSidewalk","True"
"UJB05","False","False","Observer","True","Mensch","Beobachter","19","1-5 Jahre","keinen Hocschulabschluss","Nein","Ja","Neutral","Ja","Nein","79","largeGroups","hitSidewalk","True"
"LAS03","True","True","PedLarge","True","Computer (AV)","Beobachter","18","1-5 Jahre","keinen Hocschulabschluss","Nein","Ja","Sehr positiv","Nein","Ja, korrigiert durch Brille/ Kontaktlinsen","34","largeGroups","hitSidewalk","True"
"LAS03","True","True","PedLarge","True","Computer (AV)","Beobachter","18","1-5 Jahre","keinen Hocschulabschluss","Nein","Ja","Sehr positiv","Nein","Ja, korrigiert durch Brille/ Kontaktlinsen","90","smallGroups","hitStreet","True"
"MNL02","False","True","PedSmall","True","Computer (AV)","Beobachter","20","Ich fahre nicht Auto","keinen Hocschulabschluss","Nein","Ja","Positiv","Ja","Nein","66","smallGroups","hitSidewalk","True"
"MNL02","False","True","PedSmall","True","Computer (AV)","Beobachter","20","Ich fahre nicht Auto","keinen Hocschulabschluss","Nein","Ja","Positiv","Ja","Nein","74","largeGroups","hitSidewalk","True"
"ORK08","True","True","PedLarge","True","Computer (AV)","Beobachter","19","1-5 Jahre","keinen Hocschulabschluss","Nein","Ja","Positiv","Nein","Ja, korrigiert durch Brille/ Kontaktlinsen","28","largeGroups","hitStreet","True"
"ORK08","True","True","PedLarge","True","Computer (AV)","Beobachter","19","1-5 Jahre","keinen Hocschulabschluss","Nein","Ja","Positiv","Nein","Ja, korrigiert durch Brille/ Kontaktlinsen","26","smallGroups","hitStreet","True"
"KSG04","True","False","PedLarge","True","Mensch","Fußgänger","24","5-10","Hochschulabschluss (Bachelor, Vordiplom,etc.)","Nein","Ja","Neutral","Ja","Ja, korrigiert durch Brille/ Kontaktlinsen","69","largeGroups","hitSidewalk","True"
"KSG04","True","False","PedLarge","True","Mensch","Fußgänger","24","5-10","Hochschulabschluss (Bachelor, Vordiplom,etc.)","Nein","Ja","Neutral","Ja","Ja, korrigiert durch Brille/ Kontaktlinsen","69","smallGroups","hitSidewalk","True"
"CGM11","False","True","Observer","True","Computer (AV)","Beobachter","24","5-10","Hochschulabschluss (Bachelor, Vordiplom,etc.)","Ja","Ja","Neutral","Ja","Nein","61","largeGroups","hitSidewalk","True"
"CGM11","False","True","Observer","True","Computer (AV)","Beobachter","24","5-10","Hochschulabschluss (Bachelor, Vordiplom,etc.)","Ja","Ja","Neutral","Ja","Nein","67","smallGroups","hitSidewalk","True"
"ACS23","True","True","PedSmall","True","Computer (AV)","Fußgänger","22","1-5 Jahre","keinen Hocschulabschluss","Ja","Ja","Neutral","Nein","Nein","100","smallGroups","hitSidewalk","True"
"ACS23","True","True","PedSmall","True","Computer (AV)","Fußgänger","22","1-5 Jahre","keinen Hocschulabschluss","Ja","Ja","Neutral","Nein","Nein","92","largeGroups","hitStreet","True"
"MSS09","False","True","PedLarge","True","Computer (AV)","Fußgänger","24","1-5 Jahre","Hochschulabschluss (Bachelor, Vordiplom,etc.)","Nein","Ja","Neutral","Nein","Ja, korrigiert durch Brille/ Kontaktlinsen","38","smallGroups","hitStreet","True"
"MSS09","False","True","PedLarge","True","Computer (AV)","Fußgänger","24","1-5 Jahre","Hochschulabschluss (Bachelor, Vordiplom,etc.)","Nein","Ja","Neutral","Nein","Ja, korrigiert durch Brille/ Kontaktlinsen","58","largeGroups","hitSidewalk","True"
"JWB12","False","False","Observer","True","Computer (AV)","Beobachter","20","Ich fahre nicht Auto","keinen Hocschulabschluss","Nein","Ja","Positiv","Nein","Ja","16","largeGroups","hitSidewalk","True"
"JWB12","False","False","Observer","True","Computer (AV)","Beobachter","20","Ich fahre nicht Auto","keinen Hocschulabschluss","Nein","Ja","Positiv","Nein","Ja","16","smallGroups","hitSidewalk","True"
"MPW07","False","False","Passenger","False","Mensch","Mitfahrer","24","5-10","Hochschulabschluss (Bachelor, Vordiplom,etc.)","Ja","Nein","Neutral","Nein","Nein","69","largeGroups","hitStreet","True"
"MPW07","False","False","Passenger","False","Mensch","Mitfahrer","24","5-10","Hochschulabschluss (Bachelor, Vordiplom,etc.)","Ja","Nein","Neutral","Nein","Nein","68","smallGroups","hitStreet","True"
"ATH09","True","False","PedLarge","True","Computer (AV)","Fußgänger","25","5-10","keinen Hocschulabschluss","Nein","Ja","Sehr positiv","Nein","Ja, korrigiert durch Brille/ Kontaktlinsen","100","largeGroups","hitSidewalk","True"
"ATH09","True","False","PedLarge","True","Computer (AV)","Fußgänger","25","5-10","keinen Hocschulabschluss","Nein","Ja","Sehr positiv","Nein","Ja, korrigiert durch Brille/ Kontaktlinsen","100","smallGroups","hitSidewalk","True"
"MTG05","False","True","PedLarge","True","Computer (AV)","Beobachter","25","5-10","keinen Hocschulabschluss","Nein","Ja","Negativ","Nein","Nein","59","largeGroups","hitSidewalk","True"
"MTG05","False","True","PedLarge","True","Computer (AV)","Beobachter","25","5-10","keinen Hocschulabschluss","Nein","Ja","Negativ","Nein","Nein","65","smallGroups","hitSidewalk","True"
"ERS02","True","False","Passenger","True","Computer (AV)","Mitfahrer","28","1-5 Jahre","keinen Hocschulabschluss","Nein","Ja","Positiv","Ja","Nein","70","smallGroups","hitStreet","True"
"ERS02","True","False","Passenger","True","Computer (AV)","Mitfahrer","28","1-5 Jahre","keinen Hocschulabschluss","Nein","Ja","Positiv","Ja","Nein","32","largeGroups","hitStreet","True"
"EWM01","False","False","PedSmall","True","Mensch","Beobachter","18","1-5 Jahre","keinen Hocschulabschluss","Nein","Ja","Sehr negativ","Ja","Ja","100","largeGroups","hitSidewalk","True"
"EWM01","False","False","PedSmall","True","Mensch","Beobachter","18","1-5 Jahre","keinen Hocschulabschluss","Nein","Ja","Sehr negativ","Ja","Ja","100","smallGroups","hitSidewalk","True"
"HZM07","False","False","Passenger","True","Computer (AV)","Mitfahrer","21","Ich fahre nicht Auto","keinen Hocschulabschluss","Nein","Ja","Neutral","Ja","Nein","100","largeGroups","hitSidewalk","True"
"HZM07","False","False","Passenger","True","Computer (AV)","Mitfahrer","21","Ich fahre nicht Auto","keinen Hocschulabschluss","Nein","Ja","Neutral","Ja","Nein","87","smallGroups","hitSidewalk","True"
"KNB10","True","True","PedLarge","True","Computer (AV)","Beobachter","21","1-5 Jahre","keinen Hocschulabschluss","Nein","Ja","Positiv","Nein","Nein","84","smallGroups","hitSidewalk","True"
"KNB10","True","True","PedLarge","True","Computer (AV)","Beobachter","21","1-5 Jahre","keinen Hocschulabschluss","Nein","Ja","Positiv","Nein","Nein","73","largeGroups","hitSidewalk","True"
"CDG06","True","False","PedSmall","True","Mensch","Fußgänger","20","1-5 Jahre","keinen Hocschulabschluss","Nein","Ja","Sehr positiv","Nein","Nein","100","largeGroups","hitSidewalk","True"
"CDG06","True","False","PedSmall","True","Mensch","Fußgänger","20","1-5 Jahre","keinen Hocschulabschluss","Nein","Ja","Sehr positiv","Nein","Nein","100","smallGroups","hitSidewalk","True"
"VDV10","True","True","Passenger","True","Computer (AV)","Mitfahrer","25","5-10","Hochschulabschluss (Bachelor, Vordiplom,etc.)","Nein","Ja","Neutral","Nein","Ja","74","largeGroups","hitSidewalk","True"
"VDV10","True","True","Passenger","True","Computer (AV)","Mitfahrer","25","5-10","Hochschulabschluss (Bachelor, Vordiplom,etc.)","Nein","Ja","Neutral","Nein","Ja","50","smallGroups","hitSidewalk","True"
"ADB06","False","False","PedSmall","True","Mensch","Beobachter","22","1-5 Jahre","Hochschulabschluss (Bachelor, Vordiplom,etc.)","Nein","Ja","Neutral","Nein","Nein","29","smallGroups","hitStreet","True"
"ADB06","False","False","PedSmall","True","Mensch","Beobachter","22","1-5 Jahre","Hochschulabschluss (Bachelor, Vordiplom,etc.)","Nein","Ja","Neutral","Nein","Nein","70","largeGroups","hitSidewalk","True"
"NRA05","False","False","Passenger","True","Computer (AV)","Mitfahrer","20","Ich fahre nicht Auto","keinen Hocschulabschluss","Nein","Ja","Neutral","Nein","Nein","28","smallGroups","hitSidewalk","True"
"NRA05","False","False","Passenger","True","Computer (AV)","Mitfahrer","20","Ich fahre nicht Auto","keinen Hocschulabschluss","Nein","Ja","Neutral","Nein","Nein","32","largeGroups","hitSidewalk","True"
"ARO03","False","False","Observer","True","Mensch","Beobachter","26","5-10","keinen Hocschulabschluss","Ja","Nein","Neutral","Nein","Nein","100","largeGroups","hitSidewalk","True"
"ARO03","False","False","Observer","True","Mensch","Beobachter","26","5-10","keinen Hocschulabschluss","Ja","Nein","Neutral","Nein","Nein","100","smallGroups","hitSidewalk","True"
"PBD01","True","False","Passenger","True","Mensch","Beobachter","25","5-10","Hochschulabschluss (Bachelor, Vordiplom,etc.)","Ja","Ja","Positiv","Nein","Ja, korrigiert durch Brille/ Kontaktlinsen","79","largeGroups","hitSidewalk","True"
"PBD01","True","False","Passenger","True","Mensch","Beobachter","25","5-10","Hochschulabschluss (Bachelor, Vordiplom,etc.)","Ja","Ja","Positiv","Nein","Ja, korrigiert durch Brille/ Kontaktlinsen","61","smallGroups","hitSidewalk","True"
"SLP10","True","True","Observer","True","Computer (AV)","Beobachter","21","1-5 Jahre","keinen Hocschulabschluss","Nein","Ja","Negativ","Ja","Nein","41","smallGroups","hitStreet","True"
"SLP10","True","True","Observer","True","Computer (AV)","Beobachter","21","1-5 Jahre","keinen Hocschulabschluss","Nein","Ja","Negativ","Ja","Nein","36","largeGroups","hitSidewalk","True"
"HCS08","True","False","Passenger","True","Computer (AV)","Beobachter","22","1-5 Jahre","keinen Hocschulabschluss","Nein","Ja","Neutral","Ja","Ja, korrigiert durch Brille/ Kontaktlinsen","100","largeGroups","hitSidewalk","True"
"HCS08","True","False","Passenger","True","Computer (AV)","Beobachter","22","1-5 Jahre","keinen Hocschulabschluss","Nein","Ja","Neutral","Ja","Ja, korrigiert durch Brille/ Kontaktlinsen","100","smallGroups","hitSidewalk","True"
"GNS07","False","False","Passenger","True","Mensch","Mitfahrer","20","1-5 Jahre","keinen Hocschulabschluss","Nein","Ja","Positiv","Ja","Nein","72","largeGroups","hitStreet","True"
"GNS07","False","False","Passenger","True","Mensch","Mitfahrer","20","1-5 Jahre","keinen Hocschulabschluss","Nein","Ja","Positiv","Ja","Nein","0","smallGroups","hitSidewalk","True"
"CDM06","False","True","Observer","True","Computer (AV)","Beobachter","25","5-10","keinen Hocschulabschluss","Nein","Ja","Neutral","Nein","Nein","50","largeGroups","hitSidewalk","True"
"CDM06","False","True","Observer","True","Computer (AV)","Beobachter","25","5-10","keinen Hocschulabschluss","Nein","Ja","Neutral","Nein","Nein","74","smallGroups","hitStreet","True"
"RMD07","False","False","PedLarge","False","Mensch","Beobachter","25","5-10","keinen Hocschulabschluss","Nein","Ja","Neutral","Ja","Nein","87","largeGroups","hitStreet","True"
"RMD07","False","False","PedLarge","False","Mensch","Beobachter","25","5-10","keinen Hocschulabschluss","Nein","Ja","Neutral","Ja","Nein","91","smallGroups","hitStreet","True"
"DJC01","True","False","PedLarge","True","Mensch","Fußgänger","24","5-10","Hochschulabschluss (Bachelor, Vordiplom,etc.)","Ja","Ja","Sehr positiv","Ja","Ja, korrigiert durch Brille/ Kontaktlinsen","29","smallGroups","hitSidewalk","True"
"DJC01","True","False","PedLarge","True","Mensch","Fußgänger","24","5-10","Hochschulabschluss (Bachelor, Vordiplom,etc.)","Ja","Ja","Sehr positiv","Ja","Ja, korrigiert durch Brille/ Kontaktlinsen","27","largeGroups","hitStreet","True"
"HGP03","True","True","Observer","True","Computer (AV)","Beobachter","31","10+","Hochschulabschluss (Bachelor, Vordiplom,etc.)","Nein","Ja","Positiv","Ja","Ja, korrigiert durch Brille/ Kontaktlinsen","0","smallGroups","hitStreet","True"
"HGP03","True","True","Observer","True","Computer (AV)","Beobachter","31","10+","Hochschulabschluss (Bachelor, Vordiplom,etc.)","Nein","Ja","Positiv","Ja","Ja, korrigiert durch Brille/ Kontaktlinsen","0","largeGroups","hitStreet","True"
"GKR01","True","False","Observer","True","Mensch","Mitfahrer","27","5-10","Hochschulabschluss (Master, Diplom, oder höher)","Nein","Ja","Sehr positiv","Ja","Ja, korrigiert durch Brille/ Kontaktlinsen","65","smallGroups","hitSidewalk","True"
"GKR01","True","False","Observer","True","Mensch","Mitfahrer","27","5-10","Hochschulabschluss (Master, Diplom, oder höher)","Nein","Ja","Sehr positiv","Ja","Ja, korrigiert durch Brille/ Kontaktlinsen","95","largeGroups","hitSidewalk","True"
"ANG04","False","False","PedSmall","True","Mensch","Fußgänger","20","Ich fahre nicht Auto","keinen Hocschulabschluss","Nein","Ja","Neutral","Ja","Nein","100","smallGroups","hitSidewalk","True"
"ANG04","False","False","PedSmall","True","Mensch","Fußgänger","20","Ich fahre nicht Auto","keinen Hocschulabschluss","Nein","Ja","Neutral","Ja","Nein","68","largeGroups","hitSidewalk","True"
"MFW10","False","True","PedSmall","True","Computer (AV)","Fußgänger","24","5-10","keinen Hocschulabschluss","Ja","Ja","Negativ","Nein","Nein","68","smallGroups","hitSidewalk","True"
"MFW10","False","True","PedSmall","True","Computer (AV)","Fußgänger","24","5-10","keinen Hocschulabschluss","Ja","Ja","Negativ","Nein","Nein","60","largeGroups","hitSidewalk","True"
"BRN12","False","False","Passenger","True","Mensch","Mitfahrer","25","5-10","keinen Hocschulabschluss","Nein","Ja","Negativ","Nein","Ja, korrigiert durch Brille/ Kontaktlinsen","60","largeGroups","hitSidewalk","True"
"BRN12","False","False","Passenger","True","Mensch","Mitfahrer","25","5-10","keinen Hocschulabschluss","Nein","Ja","Negativ","Nein","Ja, korrigiert durch Brille/ Kontaktlinsen","66","smallGroups","hitSidewalk","True"
"SSV11","False","False","Observer","True","Computer (AV)","Mitfahrer","23","5-10","Hochschulabschluss (Bachelor, Vordiplom,etc.)","Ja","Ja","Neutral","Nein","Nein","72","smallGroups","hitStreet","True"
"SSV11","False","False","Observer","True","Computer (AV)","Mitfahrer","23","5-10","Hochschulabschluss (Bachelor, Vordiplom,etc.)","Ja","Ja","Neutral","Nein","Nein","0","largeGroups","hitSidewalk","True"
"SVK04","False","True","Observer","True","Computer (AV)","Mitfahrer","25","Ich fahre nicht Auto","Hochschulabschluss (Master, Diplom, oder höher)","Nein","Ja","Neutral","Nein","Ja, korrigiert durch Brille/ Kontaktlinsen","76","smallGroups","hitStreet","True"
"SVK04","False","True","Observer","True","Computer (AV)","Mitfahrer","25","Ich fahre nicht Auto","Hochschulabschluss (Master, Diplom, oder höher)","Nein","Ja","Neutral","Nein","Ja, korrigiert durch Brille/ Kontaktlinsen","70","largeGroups","hitStreet","True"
"NAM09","True","False","PedLarge","True","Mensch","Beobachter","20","1-5 Jahre","keinen Hocschulabschluss","Nein","Ja","Positiv","Ja","Ja, korrigiert durch Brille/ Kontaktlinsen","50","smallGroups","hitSidewalk","True"
"NAM09","True","False","PedLarge","True","Mensch","Beobachter","20","1-5 Jahre","keinen Hocschulabschluss","Nein","Ja","Positiv","Ja","Ja, korrigiert durch Brille/ Kontaktlinsen","50","largeGroups","hitSidewalk","True"
"DJU04","True","False","PedSmall","True","Mensch","Fußgänger","23","1-5 Jahre","keinen Hocschulabschluss","Ja","Ja","Positiv","Ja","Nein","69","largeGroups","hitSidewalk","True"
"DJU04","True","False","PedSmall","True","Mensch","Fußgänger","23","1-5 Jahre","keinen Hocschulabschluss","Ja","Ja","Positiv","Ja","Nein","71","smallGroups","hitSidewalk","True"
"UHN05","False","False","PedSmall","True","Mensch","Fußgänger","21","1-5 Jahre","keinen Hocschulabschluss","Nein","Nein","Sehr negativ","Nein","Ja, korrigiert durch Brille/ Kontaktlinsen","100","smallGroups","hitSidewalk","True"
"UHN05","False","False","PedSmall","True","Mensch","Fußgänger","21","1-5 Jahre","keinen Hocschulabschluss","Nein","Nein","Sehr negativ","Nein","Ja, korrigiert durch Brille/ Kontaktlinsen","100","largeGroups","hitSidewalk","True"
"KMR10","False","True","PedSmall","True","Computer (AV)","Fußgänger","23","1-5 Jahre","keinen Hocschulabschluss","Nein","Ja","Sehr positiv","Ja","Nein","17","smallGroups","hitSidewalk","True"
"KMR10","False","True","PedSmall","True","Computer (AV)","Fußgänger","23","1-5 Jahre","keinen Hocschulabschluss","Nein","Ja","Sehr positiv","Ja","Nein","99","largeGroups","hitSidewalk","True"
"RGH10","True","True","Passenger","True","Computer (AV)","Mitfahrer","21","1-5 Jahre","keinen Hocschulabschluss","Nein","Ja","Positiv","Nein","Nein","89","largeGroups","hitSidewalk","True"
"RGH10","True","True","Passenger","True","Computer (AV)","Mitfahrer","21","1-5 Jahre","keinen Hocschulabschluss","Nein","Ja","Positiv","Nein","Nein","68","smallGroups","hitSidewalk","True"
"ERO06","False","False","Observer","True","Computer (AV)","Beobachter","21","1-5 Jahre","keinen Hocschulabschluss","Nein","Ja","Positiv","Ja","Nein","66","smallGroups","hitSidewalk","True"
"ERO06","False","False","Observer","True","Computer (AV)","Beobachter","21","1-5 Jahre","keinen Hocschulabschluss","Nein","Ja","Positiv","Ja","Nein","69","largeGroups","hitSidewalk","True"
"EUH11","False","True","PedLarge","True","Computer (AV)","Fußgänger","30","Ich fahre nicht Auto","Hochschulabschluss (Bachelor, Vordiplom,etc.)","Nein","Nein","Negativ","Nein","Ja, korrigiert durch Brille/ Kontaktlinsen","4","smallGroups","hitStreet","True"
"EUH11","False","True","PedLarge","True","Computer (AV)","Fußgänger","30","Ich fahre nicht Auto","Hochschulabschluss (Bachelor, Vordiplom,etc.)","Nein","Nein","Negativ","Nein","Ja, korrigiert durch Brille/ Kontaktlinsen","67","largeGroups","hitSidewalk","True"
"IFH09","False","False","Observer","True","Computer (AV)","Beobachter","40","10+","Hochschulabschluss (Master, Diplom, oder höher)","Nein","Ja","Neutral","Ja","Nein","50","largeGroups","hitSidewalk","True"
"IFH09","False","False","Observer","True","Computer (AV)","Beobachter","40","10+","Hochschulabschluss (Master, Diplom, oder höher)","Nein","Ja","Neutral","Ja","Nein","45","smallGroups","hitStreet","True"
"DDG05","False","True","Observer","True","Computer (AV)","Beobachter","25","5-10","Hochschulabschluss (Master, Diplom, oder höher)","Nein","Ja","Neutral","Nein","Nein","74","smallGroups","hitSidewalk","True"
"DDG05","False","True","Observer","True","Computer (AV)","Beobachter","25","5-10","Hochschulabschluss (Master, Diplom, oder höher)","Nein","Ja","Neutral","Nein","Nein","23","largeGroups","hitSidewalk","True"
"RIO02","False","False","Observer","True","Mensch","Beobachter","20","Ich fahre nicht Auto","keinen Hocschulabschluss","Ja","Ja","Neutral","Nein","Nein","75","largeGroups","hitSidewalk","True"
"RIO02","False","False","Observer","True","Mensch","Beobachter","20","Ich fahre nicht Auto","keinen Hocschulabschluss","Ja","Ja","Neutral","Nein","Nein","69","smallGroups","hitSidewalk","True"
"BHL11","True","False","Passenger","True","Computer (AV)","Mitfahrer","32","10+","Hochschulabschluss (Bachelor, Vordiplom,etc.)","Nein","Ja","Sehr negativ","Nein","Nein","100","smallGroups","hitStreet","True"
"BHL11","True","False","Passenger","True","Computer (AV)","Mitfahrer","32","10+","Hochschulabschluss (Bachelor, Vordiplom,etc.)","Nein","Ja","Sehr negativ","Nein","Nein","67","largeGroups","hitSidewalk","True"
"MLR09","False","True","Observer","True","Computer (AV)","Beobachter","18","Ich fahre nicht Auto","keinen Hocschulabschluss","Ja","Ja","Negativ","Nein","Ja, korrigiert durch Brille/ Kontaktlinsen","100","smallGroups","hitSidewalk","True"
"MLR09","False","True","Observer","True","Computer (AV)","Beobachter","18","Ich fahre nicht Auto","keinen Hocschulabschluss","Ja","Ja","Negativ","Nein","Ja, korrigiert durch Brille/ Kontaktlinsen","85","largeGroups","hitSidewalk","True"
"SHB07","True","True","Passenger","True","Computer (AV)","Beobachter","20","1-5 Jahre","keinen Hocschulabschluss","Nein","Ja","Sehr positiv","Nein","Ja, korrigiert durch Brille/ Kontaktlinsen","72","largeGroups","hitSidewalk","True"
"SHB07","True","True","Passenger","True","Computer (AV)","Beobachter","20","1-5 Jahre","keinen Hocschulabschluss","Nein","Ja","Sehr positiv","Nein","Ja, korrigiert durch Brille/ Kontaktlinsen","75","smallGroups","hitSidewalk","True"
"MRR05","True","True","Observer","True","Computer (AV)","Beobachter","25","5-10","keinen Hocschulabschluss","Nein","Ja","Sehr positiv","Ja","Nein","100","smallGroups","hitSidewalk","True"
"MRR05","True","True","Observer","True","Computer (AV)","Beobachter","25","5-10","keinen Hocschulabschluss","Nein","Ja","Sehr positiv","Ja","Nein","8","largeGroups","hitStreet","True"
"SGG06","False","False","PedLarge","True","Computer (AV)","Beobachter","22","Ich fahre nicht Auto","keinen Hocschulabschluss","Nein","Ja","Sehr negativ","Nein","Ja, korrigiert durch Brille/ Kontaktlinsen","0","smallGroups","hitStreet","True"
"SGG06","False","False","PedLarge","True","Computer (AV)","Beobachter","22","Ich fahre nicht Auto","keinen Hocschulabschluss","Nein","Ja","Sehr negativ","Nein","Ja, korrigiert durch Brille/ Kontaktlinsen","0","largeGroups","hitSidewalk","True"
"ISK06","True","True","PedLarge","True","Computer (AV)","Fußgänger","30","10+","keinen Hocschulabschluss","Nein","Ja","Positiv","Ja","Ja, korrigiert durch Brille/ Kontaktlinsen","91","smallGroups","hitSidewalk","True"
"ISK06","True","True","PedLarge","True","Computer (AV)","Fußgänger","30","10+","keinen Hocschulabschluss","Nein","Ja","Positiv","Ja","Ja, korrigiert durch Brille/ Kontaktlinsen","100","largeGroups","hitSidewalk","True"
"MSO01","True","False","PedLarge","True","Mensch","Fußgänger","23","1-5 Jahre","keinen Hocschulabschluss","Nein","Ja","Positiv","Nein","Nein","45","smallGroups","hitSidewalk","True"
"MSO01","True","False","PedLarge","True","Mensch","Fußgänger","23","1-5 Jahre","keinen Hocschulabschluss","Nein","Ja","Positiv","Nein","Nein","69","largeGroups","hitSidewalk","True"
"SDE09","False","False","Passenger","True","Mensch","Beobachter","21","1-5 Jahre","keinen Hocschulabschluss","Nein","Ja","Neutral","Ja","Ja","76","smallGroups","hitSidewalk","True"
"SDE09","False","False","Passenger","True","Mensch","Beobachter","21","1-5 Jahre","keinen Hocschulabschluss","Nein","Ja","Neutral","Ja","Ja","79","largeGroups","hitSidewalk","True"
"BFH07","False","True","Passenger","True","Computer (AV)","Beobachter","24","5-10","keinen Hocschulabschluss","Nein","Ja","Negativ","Nein","Ja, korrigiert durch Brille/ Kontaktlinsen","31","smallGroups","hitStreet","True"
"BFH07","False","True","Passenger","True","Computer (AV)","Beobachter","24","5-10","keinen Hocschulabschluss","Nein","Ja","Negativ","Nein","Ja, korrigiert durch Brille/ Kontaktlinsen","70","largeGroups","hitSidewalk","True"
"BSH09","True","True","PedSmall","True","Computer (AV)","Fußgänger","27","5-10","keinen Hocschulabschluss","Nein","Ja","Negativ","Nein","Nein","24","smallGroups","hitSidewalk","True"
"BSH09","True","True","PedSmall","True","Computer (AV)","Fußgänger","27","5-10","keinen Hocschulabschluss","Nein","Ja","Negativ","Nein","Nein","93","largeGroups","hitSidewalk","True"
"GNN01","False","False","Observer","True","Computer (AV)","Fußgänger","23","1-5 Jahre","keinen Hocschulabschluss","Nein","Ja","Sehr negativ","Nein","Nein","100","largeGroups","hitSidewalk","True"
"GNN01","False","False","Observer","True","Computer (AV)","Fußgänger","23","1-5 Jahre","keinen Hocschulabschluss","Nein","Ja","Sehr negativ","Nein","Nein","96","smallGroups","hitSidewalk","True"
"UDH06","True","True","PedLarge","True","Computer (AV)","Fußgänger","30","5-10","Hochschulabschluss (Master, Diplom, oder höher)","Nein","Ja","Sehr positiv","Ja","Ja, korrigiert durch Brille/ Kontaktlinsen","100","largeGroups","hitSidewalk","True"
"UDH06","True","True","PedLarge","True","Computer (AV)","Fußgänger","30","5-10","Hochschulabschluss (Master, Diplom, oder höher)","Nein","Ja","Sehr positiv","Ja","Ja, korrigiert durch Brille/ Kontaktlinsen","100","smallGroups","hitSidewalk","True"
"JSE02","True","False","Observer","True","Mensch","Beobachter","29","Ich fahre nicht Auto","keinen Hocschulabschluss","Ja","Ja","Sehr positiv","Ja","Nein","74","largeGroups","hitSidewalk","True"
"JSE02","True","False","Observer","True","Mensch","Beobachter","29","Ich fahre nicht Auto","keinen Hocschulabschluss","Ja","Ja","Sehr positiv","Ja","Nein","89","smallGroups","hitSidewalk","True"
"GDB01","True","False","Observer","True","Mensch","Beobachter","25","5-10","keinen Hocschulabschluss","Nein","Ja","Neutral","Nein","Ja, korrigiert durch Brille/ Kontaktlinsen","100","largeGroups","hitStreet","True"
"GDB01","True","False","Observer","True","Mensch","Beobachter","25","5-10","keinen Hocschulabschluss","Nein","Ja","Neutral","Nein","Ja, korrigiert durch Brille/ Kontaktlinsen","100","smallGroups","hitSidewalk","True"
"ASS09","False","True","PedSmall","True","Computer (AV)","Fußgänger","19","1-5 Jahre","keinen Hocschulabschluss","Nein","Ja","Negativ","Ja","Ja, korrigiert durch Brille/ Kontaktlinsen","76","smallGroups","hitSidewalk","True"
"ASS09","False","True","PedSmall","True","Computer (AV)","Fußgänger","19","1-5 Jahre","keinen Hocschulabschluss","Nein","Ja","Negativ","Ja","Ja, korrigiert durch Brille/ Kontaktlinsen","38","largeGroups","hitSidewalk","True"
"UAB25","False","False","Observer","True","Mensch","Beobachter","25","5-10","keinen Hocschulabschluss","Nein","Nein","Neutral","Nein","Nein","69","smallGroups","hitSidewalk","True"
"UAB25","False","False","Observer","True","Mensch","Beobachter","25","5-10","keinen Hocschulabschluss","Nein","Nein","Neutral","Nein","Nein","71","largeGroups","hitSidewalk","True"
"PRW01","True","False","PedSmall","True","Mensch","Fußgänger","27","1-5 Jahre","keinen Hocschulabschluss","Nein","Ja","Positiv","Ja","Ja, korrigiert durch Brille/ Kontaktlinsen","100","smallGroups","hitSidewalk","True"
"PRW01","True","False","PedSmall","True","Mensch","Fußgänger","27","1-5 Jahre","keinen Hocschulabschluss","Nein","Ja","Positiv","Ja","Ja, korrigiert durch Brille/ Kontaktlinsen","100","largeGroups","hitSidewalk","True"
"ALA01","True","True","PedLarge","True","Computer (AV)","Fußgänger","21","Ich fahre nicht Auto","keinen Hocschulabschluss","Nein","Ja","Neutral","Ja","Ja, korrigiert durch Brille/ Kontaktlinsen","100","smallGroups","hitSidewalk","True"
"ALA01","True","True","PedLarge","True","Computer (AV)","Fußgänger","21","Ich fahre nicht Auto","keinen Hocschulabschluss","Nein","Ja","Neutral","Ja","Ja, korrigiert durch Brille/ Kontaktlinsen","100","largeGroups","hitSidewalk","True"
"ASE12","True","False","PedSmall","True","Mensch","Fußgänger","24","1-5 Jahre","keinen Hocschulabschluss","Nein","Ja","Sehr positiv","Ja","Nein","100","largeGroups","hitStreet","True"
"ASE12","True","False","PedSmall","True","Mensch","Fußgänger","24","1-5 Jahre","keinen Hocschulabschluss","Nein","Ja","Sehr positiv","Ja","Nein","100","smallGroups","hitStreet","True"
"KTN03","True","True","Observer","True","Computer (AV)","Mitfahrer","20","1-5 Jahre","keinen Hocschulabschluss","Nein","Ja","Negativ","Nein","Nein","38","smallGroups","hitStreet","True"
"KTN03","True","True","Observer","True","Computer (AV)","Mitfahrer","20","1-5 Jahre","keinen Hocschulabschluss","Nein","Ja","Negativ","Nein","Nein","0","largeGroups","hitStreet","True"
"UAH01","False","False","PedLarge","True","Mensch","Beobachter","20","1-5 Jahre","keinen Hocschulabschluss","Nein","Ja","Neutral","Nein","Nein","19","largeGroups","hitStreet","True"
"UAH01","False","False","PedLarge","True","Mensch","Beobachter","20","1-5 Jahre","keinen Hocschulabschluss","Nein","Ja","Neutral","Nein","Nein","38","smallGroups","hitStreet","True"
"AAO12","True","False","Passenger","True","Computer (AV)","Mitfahrer","21","1-5 Jahre","keinen Hocschulabschluss","Ja","Ja","Sehr positiv","Ja","Ja","62","largeGroups","hitSidewalk","True"
"AAO12","True","False","Passenger","True","Computer (AV)","Mitfahrer","21","1-5 Jahre","keinen Hocschulabschluss","Ja","Ja","Sehr positiv","Ja","Ja","100","smallGroups","hitSidewalk","True"
"URH09","True","True","PedLarge","True","Computer (AV)","Fußgänger","47","10+","Hochschulabschluss (Master, Diplom, oder höher)","Nein","Ja","Negativ","Ja","Ja, korrigiert durch Brille/ Kontaktlinsen","100","largeGroups","hitSidewalk","True"
"URH09","True","True","PedLarge","True","Computer (AV)","Fußgänger","47","10+","Hochschulabschluss (Master, Diplom, oder höher)","Nein","Ja","Negativ","Ja","Ja, korrigiert durch Brille/ Kontaktlinsen","100","smallGroups","hitSidewalk","True"
"CSI05","True","True","Observer","True","Computer (AV)","Beobachter","20","1-5 Jahre","keinen Hocschulabschluss","Nein","Ja","Sehr positiv","Ja","Ja, korrigiert durch Brille/ Kontaktlinsen","91","largeGroups","hitSidewalk","True"
"CSI05","True","True","Observer","True","Computer (AV)","Beobachter","20","1-5 Jahre","keinen Hocschulabschluss","Nein","Ja","Sehr positiv","Ja","Ja, korrigiert durch Brille/ Kontaktlinsen","93","smallGroups","hitSidewalk","True"
"CFM08","True","False","PedSmall","True","Mensch","Fußgänger","20","1-5 Jahre","keinen Hocschulabschluss","Nein","Ja","Sehr positiv","Nein","Ja, korrigiert durch Brille/ Kontaktlinsen","74","smallGroups","hitStreet","True"
"CFM08","True","False","PedSmall","True","Mensch","Fußgänger","20","1-5 Jahre","keinen Hocschulabschluss","Nein","Ja","Sehr positiv","Nein","Ja, korrigiert durch Brille/ Kontaktlinsen","81","largeGroups","hitStreet","True"
"HRH29","True","False","Observer","True","Computer (AV)","Mitfahrer","23","5-10","keinen Hocschulabschluss","Nein","Ja","Negativ","Ja","Ja, korrigiert durch Brille/ Kontaktlinsen","65","smallGroups","hitSidewalk","True"
"HRH29","True","False","Observer","True","Computer (AV)","Mitfahrer","23","5-10","keinen Hocschulabschluss","Nein","Ja","Negativ","Ja","Ja, korrigiert durch Brille/ Kontaktlinsen","100","largeGroups","hitSidewalk","True"
"UNT11","False","True","Passenger","True","Computer (AV)","Mitfahrer","23","1-5 Jahre","keinen Hocschulabschluss","Ja","Ja","Neutral","Ja","Nein","68","smallGroups","hitStreet","True"
"UNT11","False","True","Passenger","True","Computer (AV)","Mitfahrer","23","1-5 Jahre","keinen Hocschulabschluss","Ja","Ja","Neutral","Ja","Nein","10","largeGroups","hitStreet","True"
"UDW08","True","True","PedSmall","True","Computer (AV)","Beobachter","30","10+","keinen Hocschulabschluss","Ja","Ja","Negativ","Ja","Ja, korrigiert durch Brille/ Kontaktlinsen","100","smallGroups","hitStreet","True"
"UDW08","True","True","PedSmall","True","Computer (AV)","Beobachter","30","10+","keinen Hocschulabschluss","Ja","Ja","Negativ","Ja","Ja, korrigiert durch Brille/ Kontaktlinsen","100","largeGroups","hitStreet","True"
"CHT12","False","True","Passenger","True","Computer (AV)","Mitfahrer","19","1-5 Jahre","keinen Hocschulabschluss","Nein","Ja","Neutral","Nein","Nein","15","smallGroups","hitSidewalk","True"
"CHT12","False","True","Passenger","True","Computer (AV)","Mitfahrer","19","1-5 Jahre","keinen Hocschulabschluss","Nein","Ja","Neutral","Nein","Nein","12","largeGroups","hitSidewalk","True"
"GTH10","True","True","PedSmall","True","Computer (AV)","Beobachter","24","5-10","keinen Hocschulabschluss","Ja","Ja","Positiv","Ja","Nein","39","largeGroups","hitStreet","True"
"GTH10","True","True","PedSmall","True","Computer (AV)","Beobachter","24","5-10","keinen Hocschulabschluss","Ja","Ja","Positiv","Ja","Nein","23","smallGroups","hitStreet","True"
"EDN04","False","False","PedLarge","True","Mensch","Fußgänger","30","Ich fahre nicht Auto","keinen Hocschulabschluss","Nein","Ja","Neutral","Ja","Ja, korrigiert durch Brille/ Kontaktlinsen","50","largeGroups","hitSidewalk","True"
"EDN04","False","False","PedLarge","True","Mensch","Fußgänger","30","Ich fahre nicht Auto","keinen Hocschulabschluss","Nein","Ja","Neutral","Ja","Ja, korrigiert durch Brille/ Kontaktlinsen","50","smallGroups","hitSidewalk","True"
"BRW07","False","False","PedSmall","True","Mensch","Fußgänger","19","1-5 Jahre","keinen Hocschulabschluss","Nein","Ja","Negativ","Nein","Nein","21","smallGroups","hitSidewalk","True"
"BRW07","False","False","PedSmall","True","Mensch","Fußgänger","19","1-5 Jahre","keinen Hocschulabschluss","Nein","Ja","Negativ","Nein","Nein","35","largeGroups","hitSidewalk","True"
"CKG07","True","False","PedLarge","True","Mensch","Fußgänger","20","1-5 Jahre","keinen Hocschulabschluss","Nein","Ja","Positiv","Ja","Nein","68","smallGroups","hitSidewalk","True"
"CKG07","True","False","PedLarge","True","Mensch","Fußgänger","20","1-5 Jahre","keinen Hocschulabschluss","Nein","Ja","Positiv","Ja","Nein","39","largeGroups","hitSidewalk","True"
"END04","True","False","PedSmall","True","Mensch","Beobachter","19","1-5 Jahre","keinen Hocschulabschluss","Nein","Ja","Neutral","Ja","Nein","100","largeGroups","hitSidewalk","True"
"END04","True","False","PedSmall","True","Mensch","Beobachter","19","1-5 Jahre","keinen Hocschulabschluss","Nein","Ja","Neutral","Ja","Nein","100","smallGroups","hitSidewalk","True"
"ESO08","False","True","PedLarge","True","Computer (AV)","Mitfahrer","21","1-5 Jahre","keinen Hocschulabschluss","Ja","Ja","Neutral","Nein","Ja, korrigiert durch Brille/ Kontaktlinsen","50","smallGroups","hitSidewalk","True"
"ESO08","False","True","PedLarge","True","Computer (AV)","Mitfahrer","21","1-5 Jahre","keinen Hocschulabschluss","Ja","Ja","Neutral","Nein","Ja, korrigiert durch Brille/ Kontaktlinsen","39","largeGroups","hitStreet","True"
"BDE11","True","False","PedLarge","True","Mensch","Fußgänger","25","5-10","Hochschulabschluss (Bachelor, Vordiplom,etc.)","Nein","Ja","Positiv","Nein","Nein","85","smallGroups","hitSidewalk","True"
"BDE11","True","False","PedLarge","True","Mensch","Fußgänger","25","5-10","Hochschulabschluss (Bachelor, Vordiplom,etc.)","Nein","Ja","Positiv","Nein","Nein","0","largeGroups","hitStreet","True"
"IRB03","False","False","Passenger","True","Mensch","Beobachter","19","Ich fahre nicht Auto","keinen Hocschulabschluss","Nein","Ja","Neutral","Nein","Ja","19","smallGroups","hitStreet","True"
"IRB03","False","False","Passenger","True","Mensch","Beobachter","19","Ich fahre nicht Auto","keinen Hocschulabschluss","Nein","Ja","Neutral","Nein","Ja","24","largeGroups","hitSidewalk","True"
"HDB03","True","False","PedLarge","True","Computer (AV)","Beobachter","22","5-10","keinen Hocschulabschluss","Ja","Ja","Sehr negativ","Ja","Nein","66","largeGroups","hitSidewalk","True"
"HDB03","True","False","PedLarge","True","Computer (AV)","Beobachter","22","5-10","keinen Hocschulabschluss","Ja","Ja","Sehr negativ","Ja","Nein","69","smallGroups","hitSidewalk","True"
"RDL03","False","False","PedLarge","True","Mensch","Beobachter","19","1-5 Jahre","keinen Hocschulabschluss","Nein","Ja","Sehr positiv","Nein","Ja","40","largeGroups","hitSidewalk","True"
"RDL03","False","False","PedLarge","True","Mensch","Beobachter","19","1-5 Jahre","keinen Hocschulabschluss","Nein","Ja","Sehr positiv","Nein","Ja","13","smallGroups","hitSidewalk","True"
"IRD09","False","True","PedLarge","True","Computer (AV)","Fußgänger","19","1-5 Jahre","keinen Hocschulabschluss","Nein","Ja","Negativ","Ja","Nein","20","smallGroups","hitSidewalk","True"
"IRD09","False","True","PedLarge","True","Computer (AV)","Fußgänger","19","1-5 Jahre","keinen Hocschulabschluss","Nein","Ja","Negativ","Ja","Nein","7","largeGroups","hitSidewalk","True"
"MNM08","False","True","PedSmall","True","Computer (AV)","Fußgänger","19","1-5 Jahre","keinen Hocschulabschluss","Nein","Ja","Neutral","Nein","Ja, korrigiert durch Brille/ Kontaktlinsen","48","smallGroups","hitStreet","True"
"MNM08","False","True","PedSmall","True","Computer (AV)","Fußgänger","19","1-5 Jahre","keinen Hocschulabschluss","Nein","Ja","Neutral","Nein","Ja, korrigiert durch Brille/ Kontaktlinsen","27","largeGroups","hitSidewalk","True"
"BDB10","False","True","PedSmall","True","Computer (AV)","Fußgänger","21","1-5 Jahre","keinen Hocschulabschluss","Ja","Ja","Neutral","Nein","Nein","0","smallGroups","hitSidewalk","True"
"BDB10","False","True","PedSmall","True","Computer (AV)","Fußgänger","21","1-5 Jahre","keinen Hocschulabschluss","Ja","Ja","Neutral","Nein","Nein","8","largeGroups","hitSidewalk","True"
"SRH12","True","True","Passenger","True","Computer (AV)","Mitfahrer","27","5-10","Hochschulabschluss (Bachelor, Vordiplom,etc.)","Nein","Ja","Positiv","Nein","Nein","100","largeGroups","hitSidewalk","True"
"SRH12","True","True","Passenger","True","Computer (AV)","Mitfahrer","27","5-10","Hochschulabschluss (Bachelor, Vordiplom,etc.)","Nein","Ja","Positiv","Nein","Nein","100","smallGroups","hitSidewalk","True"
"EKG06","True","False","PedSmall","True","Computer (AV)","Fußgänger","26","5-10","keinen Hocschulabschluss","Ja","Ja","Sehr positiv","Ja","Nein","100","largeGroups","hitStreet","True"
"EKG06","True","False","PedSmall","True","Computer (AV)","Fußgänger","26","5-10","keinen Hocschulabschluss","Ja","Ja","Sehr positiv","Ja","Nein","100","smallGroups","hitStreet","True"
"VDG09","True","False","PedSmall","True","Mensch","Beobachter","23","Ich fahre nicht Auto","keinen Hocschulabschluss","Ja","Ja","Sehr positiv","Ja","Nein","90","largeGroups","hitStreet","True"
"VDG09","True","False","PedSmall","True","Mensch","Beobachter","23","Ich fahre nicht Auto","keinen Hocschulabschluss","Ja","Ja","Sehr positiv","Ja","Nein","91","smallGroups","hitStreet","True"
"FRB08","True","True","Passenger","True","Computer (AV)","Fußgänger","20","1-5 Jahre","keinen Hocschulabschluss","Ja","Ja","Sehr positiv","Ja","Nein","13","smallGroups","hitSidewalk","True"
"FRB08","True","True","Passenger","True","Computer (AV)","Fußgänger","20","1-5 Jahre","keinen Hocschulabschluss","Ja","Ja","Sehr positiv","Ja","Nein","22","largeGroups","hitSidewalk","True"
"ESW04","False","False","PedLarge","True","Mensch","Beobachter","18","1-5 Jahre","keinen Hocschulabschluss","Nein","Ja","Negativ","Ja","Ja, korrigiert durch Brille/ Kontaktlinsen","98","smallGroups","hitSidewalk","True"
"ESW04","False","False","PedLarge","True","Mensch","Beobachter","18","1-5 Jahre","keinen Hocschulabschluss","Nein","Ja","Negativ","Ja","Ja, korrigiert durch Brille/ Kontaktlinsen","83","largeGroups","hitSidewalk","True"
"YVZ10","True","True","Observer","True","Mensch","Mitfahrer","22","Ich fahre nicht Auto","Hochschulabschluss (Bachelor, Vordiplom,etc.)","Nein","Ja","Neutral","Nein","Nein","74","largeGroups","hitSidewalk","False"
"YVZ10","True","True","Observer","True","Mensch","Mitfahrer","22","Ich fahre nicht Auto","Hochschulabschluss (Bachelor, Vordiplom,etc.)","Nein","Ja","Neutral","Nein","Nein","72","smallGroups","hitSidewalk","False"
"STN09","False","False","PedSmall","True","Computer (AV)","Mitfahrer","19","1-5 Jahre","keinen Hocschulabschluss","Nein","Nein","Neutral","Nein","Ja, korrigiert durch Brille/ Kontaktlinsen","55","smallGroups","hitSidewalk","True"
"STN09","False","False","PedSmall","True","Computer (AV)","Mitfahrer","19","1-5 Jahre","keinen Hocschulabschluss","Nein","Nein","Neutral","Nein","Ja, korrigiert durch Brille/ Kontaktlinsen","58","largeGroups","hitSidewalk","True"
"DEH10","False","True","PedSmall","True","Computer (AV)","Fußgänger","20","1-5 Jahre","keinen Hocschulabschluss","Ja","Ja","Positiv","Ja","Nein","67","smallGroups","hitSidewalk","True"
"DEH10","False","True","PedSmall","True","Computer (AV)","Fußgänger","20","1-5 Jahre","keinen Hocschulabschluss","Ja","Ja","Positiv","Ja","Nein","67","largeGroups","hitSidewalk","True"
"GHN08","True","True","PedLarge","True","Computer (AV)","Fußgänger","24","5-10","keinen Hocschulabschluss","Nein","Ja","Sehr positiv","Ja","Nein","100","smallGroups","hitStreet","True"
"GHN08","True","True","PedLarge","True","Computer (AV)","Fußgänger","24","5-10","keinen Hocschulabschluss","Nein","Ja","Sehr positiv","Ja","Nein","100","largeGroups","hitStreet","True"
"SHW08","False","True","PedLarge","True","Computer (AV)","Fußgänger","20","1-5 Jahre","keinen Hocschulabschluss","Nein","Ja","Positiv","Ja","Nein","100","largeGroups","hitSidewalk","True"
"SHW08","False","True","PedLarge","True","Computer (AV)","Fußgänger","20","1-5 Jahre","keinen Hocschulabschluss","Nein","Ja","Positiv","Ja","Nein","100","smallGroups","hitSidewalk","True"
"UEB04","True","True","PedSmall","True","Computer (AV)","Fußgänger","22","Ich fahre nicht Auto","keinen Hocschulabschluss","Nein","Ja","Sehr positiv","Ja","Nein","35","smallGroups","hitStreet","True"
"UEB04","True","True","PedSmall","True","Computer (AV)","Fußgänger","22","Ich fahre nicht Auto","keinen Hocschulabschluss","Nein","Ja","Sehr positiv","Ja","Nein","83","largeGroups","hitStreet","True"
"AKR04","True","False","Passenger","True","Mensch","Mitfahrer","19","1-5 Jahre","keinen Hocschulabschluss","Nein","Ja","Positiv","Ja","Nein","79","smallGroups","hitSidewalk","True"
"AKR04","True","False","Passenger","True","Mensch","Mitfahrer","19","1-5 Jahre","keinen Hocschulabschluss","Nein","Ja","Positiv","Ja","Nein","62","largeGroups","hitSidewalk","True"
"KSW06","False","False","PedLarge","True","Mensch","Fußgänger","18","1-5 Jahre","keinen Hocschulabschluss","Nein","Ja","Negativ","Nein","Ja, korrigiert durch Brille/ Kontaktlinsen","65","largeGroups","hitStreet","True"
"KSW06","False","False","PedLarge","True","Mensch","Fußgänger","18","1-5 Jahre","keinen Hocschulabschluss","Nein","Ja","Negativ","Nein","Ja, korrigiert durch Brille/ Kontaktlinsen","85","smallGroups","hitStreet","True"
"AGM10","False","True","PedLarge","True","Computer (AV)","Fußgänger","23","5-10","keinen Hocschulabschluss","Nein","Ja","Neutral","Nein","Ja","71","smallGroups","hitSidewalk","True"
"AGM10","False","True","PedLarge","True","Computer (AV)","Fußgänger","23","5-10","keinen Hocschulabschluss","Nein","Ja","Neutral","Nein","Ja","75","largeGroups","hitSidewalk","True"
"POM09","False","False","PedLarge","True","Computer (AV)","Fußgänger","24","5-10","Hochschulabschluss (Bachelor, Vordiplom,etc.)","Nein","Ja","Neutral","Ja","Nein","38","largeGroups","hitSidewalk","True"
"POM09","False","False","PedLarge","True","Computer (AV)","Fußgänger","24","5-10","Hochschulabschluss (Bachelor, Vordiplom,etc.)","Nein","Ja","Neutral","Ja","Nein","77","smallGroups","hitSidewalk","True"
"ARB02","True","False","Passenger","True","Computer (AV)","Beobachter","26","5-10","keinen Hocschulabschluss","Nein","Ja","Sehr positiv","Ja","Nein","100","largeGroups","hitSidewalk","True"
"ARB02","True","False","Passenger","True","Computer (AV)","Beobachter","26","5-10","keinen Hocschulabschluss","Nein","Ja","Sehr positiv","Ja","Nein","63","smallGroups","hitSidewalk","True"
"GLF06","False","True","Observer","True","Computer (AV)","Beobachter","25","5-10","keinen Hocschulabschluss","Nein","Ja","Positiv","Nein","Ja, korrigiert durch Brille/ Kontaktlinsen","46","smallGroups","hitSidewalk","True"
"GLF06","False","True","Observer","True","Computer (AV)","Beobachter","25","5-10","keinen Hocschulabschluss","Nein","Ja","Positiv","Nein","Ja, korrigiert durch Brille/ Kontaktlinsen","20","largeGroups","hitSidewalk","True"
"BFU06","True","True","PedSmall","True","Computer (AV)","Fußgänger","22","1-5 Jahre","keinen Hocschulabschluss","Nein","Ja","Sehr positiv","Nein","Nein","100","smallGroups","hitStreet","True"
"BFU06","True","True","PedSmall","True","Computer (AV)","Fußgänger","22","1-5 Jahre","keinen Hocschulabschluss","Nein","Ja","Sehr positiv","Nein","Nein","48","largeGroups","hitStreet","True"
"ALD05","True","False","Observer","True","Mensch","Beobachter","21","1-5 Jahre","keinen Hocschulabschluss","Nein","Ja","Sehr positiv","Ja","Nein","50","largeGroups","hitSidewalk","True"
"ALD05","True","False","Observer","True","Mensch","Beobachter","21","1-5 Jahre","keinen Hocschulabschluss","Nein","Ja","Sehr positiv","Ja","Nein","63","smallGroups","hitSidewalk","True"
"ATC06","True","True","Observer","True","Mensch","Beobachter","30","5-10","keinen Hocschulabschluss","Nein","Ja","Positiv","Ja","Ja, korrigiert durch Brille/ Kontaktlinsen","100","smallGroups","hitSidewalk","False"
"ATC06","True","True","Observer","True","Mensch","Beobachter","30","5-10","keinen Hocschulabschluss","Nein","Ja","Positiv","Ja","Ja, korrigiert durch Brille/ Kontaktlinsen","23","largeGroups","hitStreet","False"
"PAH09","False","True","PedSmall","True","Mensch","Fußgänger","25","Ich fahre nicht Auto","Hochschulabschluss (Master, Diplom, oder höher)","Nein","Ja","Sehr positiv","Nein","Ja","33","largeGroups","hitStreet","False"
"PAH09","False","True","PedSmall","True","Mensch","Fußgänger","25","Ich fahre nicht Auto","Hochschulabschluss (Master, Diplom, oder höher)","Nein","Ja","Sehr positiv","Nein","Ja","87","smallGroups","hitStreet","False"
"MSW06","True","False","PedSmall","True","Mensch","Fußgänger","19","1-5 Jahre","keinen Hocschulabschluss","Nein","Ja","Positiv","Ja","Nein","38","smallGroups","hitSidewalk","True"
"MSW06","True","False","PedSmall","True","Mensch","Fußgänger","19","1-5 Jahre","keinen Hocschulabschluss","Nein","Ja","Positiv","Ja","Nein","65","largeGroups","hitSidewalk","True"
